Workbook

Sheet Sheet2
A1: Country Code | B1: Mark | C1: Class | D1: Appl. Date | E1: Appl. No. | F1: Reg. Date | G1: Reg. No. | H1: 수신 | I1: 참조 | J1: 국가명칭
A2: OA | B2: DORCO | C2: 21 | D2: 45821 | E2: 3202502194 | H2: =VLOOKUP($A2,Sheet1!$A$1:$E$31, 3, FALSE) -> 'Claire Smedley' <csmedley@vonseidels.com>; 'Chandré Arendse' <cbarendse@vonseidels.com>; poliver@vonseidels.com | I2: 특허법인 성암/전숙현 변리사 <shjeon@sungampat.com>; 'trademark@sungampat.com'; 특허법인 성암/예희남 차장 <trademark22@sungampat.com>; 특허법인 성암/오연지 대리 <trademark37@sungampat.com>; 특허법인 성암/진주 대리 <trademark39@sungampat.com>; 특허법인 성암/양은혜 과장 <trademark42@sungampat.com>; trademark43@sungampat.com | J2: =VLOOKUP($A2,Sheet1!$A$1:$E$31, 5, FALSE) -> OAPI (African Intellectual Property Organization)
A3: OA | B3: DORCO | C3: 8 | D3: 40931 | E3: 3201200185 | F3: 40931 | G3: 70154 | H3: =VLOOKUP($A3,Sheet1!$A$1:$E$31, 3, FALSE) -> 'Claire Smedley' <csmedley@vonseidels.com>; 'Chandré Arendse' <cbarendse@vonseidels.com>; poliver@vonseidels.com | I3: 특허법인 성암/전숙현 변리사 <shjeon@sungampat.com>; 'trademark@sungampat.com'; 특허법인 성암/예희남 차장 <trademark22@sungampat.com>; 특허법인 성암/오연지 대리 <trademark37@sungampat.com>; 특허법인 성암/진주 대리 <trademark39@sungampat.com>; 특허법인 성암/양은혜 과장 <trademark42@sungampat.com>; trademark44@sungampat.com | J3: =VLOOKUP($A3,Sheet1!$A$1:$E$31, 5, FALSE) -> OAPI (African Intellectual Property Organization)
A4: OA | B4: TNB200 Package TYPE2 | C4: 8 | D4: 43922 | E4: 3202001066 | F4: 43922 | G4: 114324 | H4: =VLOOKUP($A4,Sheet1!$A$1:$E$31, 3, FALSE) -> 'Claire Smedley' <csmedley@vonseidels.com>; 'Chandré Arendse' <cbarendse@vonseidels.com>; poliver@vonseidels.com | I4: 특허법인 성암/전숙현 변리사 <shjeon@sungampat.com>; 'trademark@sungampat.com'; 특허법인 성암/예희남 차장 <trademark22@sungampat.com>; 특허법인 성암/오연지 대리 <trademark37@sungampat.com>; 특허법인 성암/진주 대리 <trademark39@sungampat.com>; 특허법인 성암/양은혜 과장 <trademark42@sungampat.com>; trademark45@sungampat.com | J4: =VLOOKUP($A4,Sheet1!$A$1:$E$31, 5, FALSE) -> OAPI (African Intellectual Property Organization)
A5: OA | B5: TNB200 Package TYPE1 | C5: 8 | D5: 43922 | E5: 3202001067 | F5: 43922 | G5: 114325 | H5: =VLOOKUP($A5,Sheet1!$A$1:$E$31, 3, FALSE) -> 'Claire Smedley' <csmedley@vonseidels.com>; 'Chandré Arendse' <cbarendse@vonseidels.com>; poliver@vonseidels.com | I5: 특허법인 성암/전숙현 변리사 <shjeon@sungampat.com>; 'trademark@sungampat.com'; 특허법인 성암/예희남 차장 <trademark22@sungampat.com>; 특허법인 성암/오연지 대리 <trademark37@sungampat.com>; 특허법인 성암/진주 대리 <trademark39@sungampat.com>; 특허법인 성암/양은혜 과장 <trademark42@sungampat.com>; trademark46@sungampat.com | J5: =VLOOKUP($A5,Sheet1!$A$1:$E$31, 5, FALSE) -> OAPI (African Intellectual Property Organization)
A6: OA | B6: FOAM SCRAPER | C6: 8 | D6: 43483 | E6: 106106 | F6: 43570 | G6: 106106 | H6: =VLOOKUP($A6,Sheet1!$A$1:$E$31, 3, FALSE) -> 'Claire Smedley' <csmedley@vonseidels.com>; 'Chandré Arendse' <cbarendse@vonseidels.com>; poliver@vonseidels.com | I6: 특허법인 성암/전숙현 변리사 <shjeon@sungampat.com>; 'trademark@sungampat.com'; 특허법인 성암/예희남 차장 <trademark22@sungampat.com>; 특허법인 성암/오연지 대리 <trademark37@sungampat.com>; 특허법인 성암/진주 대리 <trademark39@sungampat.com>; 특허법인 성암/양은혜 과장 <trademark42@sungampat.com>; trademark47@sungampat.com | J6: =VLOOKUP($A6,Sheet1!$A$1:$E$31, 5, FALSE) -> OAPI (African Intellectual Property Organization)
A7: OA | B7: DORCO TITAN | C7: 8 | D7: 42116 | E7: 3201501252 | F7: 42116 | G7: 83373 | H7: =VLOOKUP($A7,Sheet1!$A$1:$E$31, 3, FALSE) -> 'Claire Smedley' <csmedley@vonseidels.com>; 'Chandré Arendse' <cbarendse@vonseidels.com>; poliver@vonseidels.com | I7: 특허법인 성암/전숙현 변리사 <shjeon@sungampat.com>; 'trademark@sungampat.com'; 특허법인 성암/예희남 차장 <trademark22@sungampat.com>; 특허법인 성암/오연지 대리 <trademark37@sungampat.com>; 특허법인 성암/진주 대리 <trademark39@sungampat.com>; 특허법인 성암/양은혜 과장 <trademark42@sungampat.com>; trademark48@sungampat.com | J7: =VLOOKUP($A7,Sheet1!$A$1:$E$31, 5, FALSE) -> OAPI (African Intellectual Property Organization)
A8: GH | B8: DORCO TITAN | C8: 8 | D8: 43248 | E8: 868/2018 | F8: 44061 | G8: 51618 | H8: =VLOOKUP($A8,Sheet1!$A$1:$E$31, 3, FALSE) -> 'Claire Smedley' <csmedley@vonseidels.com>; 'Chandré Arendse' <cbarendse@vonseidels.com>; poliver@vonseidels.com | I8: 특허법인 성암/전숙현 변리사 <shjeon@sungampat.com>; 'trademark@sungampat.com'; 특허법인 성암/예희남 차장 <trademark22@sungampat.com>; 특허법인 성암/오연지 대리 <trademark37@sungampat.com>; 특허법인 성암/진주 대리 <trademark39@sungampat.com>; 특허법인 성암/양은혜 과장 <trademark42@sungampat.com>; trademark49@sungampat.com | J8: =VLOOKUP($A8,Sheet1!$A$1:$E$31, 5, FALSE) -> Ghana
A9: GM | B9: DORCO TITAN | C9: 8 | D9: 43223 | E9: GM/M/2018/00054 | F9: 44238 | G9: GM/M/2018/00054 | H9: =VLOOKUP($A9,Sheet1!$A$1:$E$31, 3, FALSE) -> 'Claire Smedley' <csmedley@vonseidels.com>; 'Chandré Arendse' <cbarendse@vonseidels.com>; poliver@vonseidels.com | I9: 특허법인 성암/전숙현 변리사 <shjeon@sungampat.com>; 'trademark@sungampat.com'; 특허법인 성암/예희남 차장 <trademark22@sungampat.com>; 특허법인 성암/오연지 대리 <trademark37@sungampat.com>; 특허법인 성암/진주 대리 <trademark39@sungampat.com>; 특허법인 성암/양은혜 과장 <trademark42@sungampat.com>; trademark50@sungampat.com | J9: =VLOOKUP($A9,Sheet1!$A$1:$E$31, 5, FALSE) -> Gambia
A10: NA | B10: DORCO TITAN | C10: 08 | D10: 44942 | E10: NA/T/2023/8 | F10: 45114 | G10: NA/T/2023/8 | H10: =VLOOKUP($A10,Sheet1!$A$1:$E$31, 3, FALSE) -> info@ensafrica.com; rforster@ensafrica.com | I10: 특허법인 성암/전숙현 변리사 <shjeon@sungampat.com>; 'trademark@sungampat.com'; 특허법인 성암/예희남 차장 <trademark22@sungampat.com>; 특허법인 성암/오연지 대리 <trademark37@sungampat.com>; 특허법인 성암/진주 대리 <trademark39@sungampat.com>; 특허법인 성암/양은혜 과장 <trademark42@sungampat.com>; trademark51@sungampat.com | J10: =VLOOKUP($A10,Sheet1!$A$1:$E$31, 5, FALSE) -> Namibia
A11: NA | B11: PACE | C11: 08 | D11: 44942 | E11: NA/T/2023/9 | F11: 45246 | G11: NA/T/2023/9 | H11: =VLOOKUP($A11,Sheet1!$A$1:$E$31, 3, FALSE) -> info@ensafrica.com; rforster@ensafrica.com | I11: 특허법인 성암/전숙현 변리사 <shjeon@sungampat.com>; 'trademark@sungampat.com'; 특허법인 성암/예희남 차장 <trademark22@sungampat.com>; 특허법인 성암/오연지 대리 <trademark37@sungampat.com>; 특허법인 성암/진주 대리 <trademark39@sungampat.com>; 특허법인 성암/양은혜 과장 <trademark42@sungampat.com>; trademark52@sungampat.com | J11: =VLOOKUP($A11,Sheet1!$A$1:$E$31, 5, FALSE) -> Namibia
A12: NA | B12: Prime | C12: 08 | D12: 44942 | E12: NA/T/2023/10 | F12: 45246 | G12: NA/T/2023/10 | H12: =VLOOKUP($A12,Sheet1!$A$1:$E$31, 3, FALSE) -> info@ensafrica.com; rforster@ensafrica.com | I12: 특허법인 성암/전숙현 변리사 <shjeon@sungampat.com>; 'trademark@sungampat.com'; 특허법인 성암/예희남 차장 <trademark22@sungampat.com>; 특허법인 성암/오연지 대리 <trademark37@sungampat.com>; 특허법인 성암/진주 대리 <trademark39@sungampat.com>; 특허법인 성암/양은혜 과장 <trademark42@sungampat.com>; trademark53@sungampat.com | J12: =VLOOKUP($A12,Sheet1!$A$1:$E$31, 5, FALSE) -> Namibia
A13: NG | B13: TNB200 Package TYPE1 | C13: 8 | D13: 43924 | E13: F/TM/O/2020/171323 | H13: =VLOOKUP($A13,Sheet1!$A$1:$E$31, 3, FALSE) -> 'Claire Smedley' <csmedley@vonseidels.com>; 'Chandré Arendse' <cbarendse@vonseidels.com>; poliver@vonseidels.com | I13: 특허법인 성암/전숙현 변리사 <shjeon@sungampat.com>; 'trademark@sungampat.com'; 특허법인 성암/예희남 차장 <trademark22@sungampat.com>; 특허법인 성암/오연지 대리 <trademark37@sungampat.com>; 특허법인 성암/진주 대리 <trademark39@sungampat.com>; 특허법인 성암/양은혜 과장 <trademark42@sungampat.com>; trademark54@sungampat.com | J13: =VLOOKUP($A13,Sheet1!$A$1:$E$31, 5, FALSE) -> Nigeria
A14: NG | B14: TNB200 Package TYPE2 | C14: 8 | D14: 43924 | E14: F/TM/O/2020/171325 | H14: =VLOOKUP($A14,Sheet1!$A$1:$E$31, 3, FALSE) -> 'Claire Smedley' <csmedley@vonseidels.com>; 'Chandré Arendse' <cbarendse@vonseidels.com>; poliver@vonseidels.com | I14: 특허법인 성암/전숙현 변리사 <shjeon@sungampat.com>; 'trademark@sungampat.com'; 특허법인 성암/예희남 차장 <trademark22@sungampat.com>; 특허법인 성암/오연지 대리 <trademark37@sungampat.com>; 특허법인 성암/진주 대리 <trademark39@sungampat.com>; 특허법인 성암/양은혜 과장 <trademark42@sungampat.com>; trademark55@sungampat.com | J14: =VLOOKUP($A14,Sheet1!$A$1:$E$31, 5, FALSE) -> Nigeria
A15: NG | B15: DORCO Design(yellow) | C15: 8 | D15: 41138 | E15: FTM2012/1197 | H15: =VLOOKUP($A15,Sheet1!$A$1:$E$31, 3, FALSE) -> 'Claire Smedley' <csmedley@vonseidels.com>; 'Chandré Arendse' <cbarendse@vonseidels.com>; poliver@vonseidels.com | I15: 특허법인 성암/전숙현 변리사 <shjeon@sungampat.com>; 'trademark@sungampat.com'; 특허법인 성암/예희남 차장 <trademark22@sungampat.com>; 특허법인 성암/오연지 대리 <trademark37@sungampat.com>; 특허법인 성암/진주 대리 <trademark39@sungampat.com>; 특허법인 성암/양은혜 과장 <trademark42@sungampat.com>; trademark56@sungampat.com | J15: =VLOOKUP($A15,Sheet1!$A$1:$E$31, 5, FALSE) -> Nigeria
A16: NG | B16: DORCO Design(blue) | C16: 8 | D16: 41138 | E16: FTM2012/1194 | H16: =VLOOKUP($A16,Sheet1!$A$1:$E$31, 3, FALSE) -> 'Claire Smedley' <csmedley@vonseidels.com>; 'Chandré Arendse' <cbarendse@vonseidels.com>; poliver@vonseidels.com | I16: 특허법인 성암/전숙현 변리사 <shjeon@sungampat.com>; 'trademark@sungampat.com'; 특허법인 성암/예희남 차장 <trademark22@sungampat.com>; 특허법인 성암/오연지 대리 <trademark37@sungampat.com>; 특허법인 성암/진주 대리 <trademark39@sungampat.com>; 특허법인 성암/양은혜 과장 <trademark42@sungampat.com>; trademark57@sungampat.com | J16: =VLOOKUP($A16,Sheet1!$A$1:$E$31, 5, FALSE) -> Nigeria
A17: NG | B17: DORCO TITAN | C17: 8 | D17: 42111 | E17: F/TM/O/2015/49128 | F17: 44508 | G17: 33192 | H17: =VLOOKUP($A17,Sheet1!$A$1:$E$31, 3, FALSE) -> 'Claire Smedley' <csmedley@vonseidels.com>; 'Chandré Arendse' <cbarendse@vonseidels.com>; poliver@vonseidels.com | I17: 특허법인 성암/전숙현 변리사 <shjeon@sungampat.com>; 'trademark@sungampat.com'; 특허법인 성암/예희남 차장 <trademark22@sungampat.com>; 특허법인 성암/오연지 대리 <trademark37@sungampat.com>; 특허법인 성암/진주 대리 <trademark39@sungampat.com>; 특허법인 성암/양은혜 과장 <trademark42@sungampat.com>; trademark58@sungampat.com | J17: =VLOOKUP($A17,Sheet1!$A$1:$E$31, 5, FALSE) -> Nigeria
A18: NG | B18: DORCO | C18: 8 | D18: 34666 | E18: TP22467 | F18: 37223 | G18: 54447 | H18: =VLOOKUP($A18,Sheet1!$A$1:$E$31, 3, FALSE) -> 'Claire Smedley' <csmedley@vonseidels.com>; 'Chandré Arendse' <cbarendse@vonseidels.com>; poliver@vonseidels.com | I18: 특허법인 성암/전숙현 변리사 <shjeon@sungampat.com>; 'trademark@sungampat.com'; 특허법인 성암/예희남 차장 <trademark22@sungampat.com>; 특허법인 성암/오연지 대리 <trademark37@sungampat.com>; 특허법인 성암/진주 대리 <trademark39@sungampat.com>; 특허법인 성암/양은혜 과장 <trademark42@sungampat.com>; trademark59@sungampat.com | J18: =VLOOKUP($A18,Sheet1!$A$1:$E$31, 5, FALSE) -> Nigeria
A19: NG | B19: DORCO SOFT TOUCH | C19: 8 | D19: 40702 | E19: FTM2012/08457 | F19: 42614 | G19: 99637 | H19: =VLOOKUP($A19,Sheet1!$A$1:$E$31, 3, FALSE) -> 'Claire Smedley' <csmedley@vonseidels.com>; 'Chandré Arendse' <cbarendse@vonseidels.com>; poliver@vonseidels.com | I19: 특허법인 성암/전숙현 변리사 <shjeon@sungampat.com>; 'trademark@sungampat.com'; 특허법인 성암/예희남 차장 <trademark22@sungampat.com>; 특허법인 성암/오연지 대리 <trademark37@sungampat.com>; 특허법인 성암/진주 대리 <trademark39@sungampat.com>; 특허법인 성암/양은혜 과장 <trademark42@sungampat.com>; trademark60@sungampat.com | J19: =VLOOKUP($A19,Sheet1!$A$1:$E$31, 5, FALSE) -> Nigeria
A20: NG | B20: New CI | C20: 8 | D20: 40654 | E20: FTM201106642 | H20: =VLOOKUP($A20,Sheet1!$A$1:$E$31, 3, FALSE) -> 'Claire Smedley' <csmedley@vonseidels.com>; 'Chandré Arendse' <cbarendse@vonseidels.com>; poliver@vonseidels.com | I20: 특허법인 성암/전숙현 변리사 <shjeon@sungampat.com>; 'trademark@sungampat.com'; 특허법인 성암/예희남 차장 <trademark22@sungampat.com>; 특허법인 성암/오연지 대리 <trademark37@sungampat.com>; 특허법인 성암/진주 대리 <trademark39@sungampat.com>; 특허법인 성암/양은혜 과장 <trademark42@sungampat.com>; trademark61@sungampat.com | J20: =VLOOKUP($A20,Sheet1!$A$1:$E$31, 5, FALSE) -> Nigeria
A21: NG | B21: SHAI | C21: 8 | D21: 41138 | E21: FTM2012/1150 | H21: =VLOOKUP($A21,Sheet1!$A$1:$E$31, 3, FALSE) -> 'Claire Smedley' <csmedley@vonseidels.com>; 'Chandré Arendse' <cbarendse@vonseidels.com>; poliver@vonseidels.com | I21: 특허법인 성암/전숙현 변리사 <shjeon@sungampat.com>; 'trademark@sungampat.com'; 특허법인 성암/예희남 차장 <trademark22@sungampat.com>; 특허법인 성암/오연지 대리 <trademark37@sungampat.com>; 특허법인 성암/진주 대리 <trademark39@sungampat.com>; 특허법인 성암/양은혜 과장 <trademark42@sungampat.com>; trademark62@sungampat.com | J21: =VLOOKUP($A21,Sheet1!$A$1:$E$31, 5, FALSE) -> Nigeria
A22: NG | B22: PACE | C22: 8 | D22: 41138 | E22: FTM2012/1143 | H22: =VLOOKUP($A22,Sheet1!$A$1:$E$31, 3, FALSE) -> 'Claire Smedley' <csmedley@vonseidels.com>; 'Chandré Arendse' <cbarendse@vonseidels.com>; poliver@vonseidels.com | I22: 특허법인 성암/전숙현 변리사 <shjeon@sungampat.com>; 'trademark@sungampat.com'; 특허법인 성암/예희남 차장 <trademark22@sungampat.com>; 특허법인 성암/오연지 대리 <trademark37@sungampat.com>; 특허법인 성암/진주 대리 <trademark39@sungampat.com>; 특허법인 성암/양은혜 과장 <trademark42@sungampat.com>; trademark63@sungampat.com | J22: =VLOOKUP($A22,Sheet1!$A$1:$E$31, 5, FALSE) -> Nigeria
A23: ZA | B23: New CI | C23: 3 | D23: 42242 | E23: 2015/23804 | F23: 42242 | G23: 2015/23804 | H23: =VLOOKUP($A23,Sheet1!$A$1:$E$31, 3, FALSE) -> 'Claire Smedley' <csmedley@vonseidels.com>; 'Chandré Arendse' <cbarendse@vonseidels.com>; poliver@vonseidels.com | I23: 특허법인 성암/전숙현 변리사 <shjeon@sungampat.com>; 'trademark@sungampat.com'; 특허법인 성암/예희남 차장 <trademark22@sungampat.com>; 특허법인 성암/오연지 대리 <trademark37@sungampat.com>; 특허법인 성암/진주 대리 <trademark39@sungampat.com>; 특허법인 성암/양은혜 과장 <trademark42@sungampat.com>; trademark64@sungampat.com | J23: =VLOOKUP($A23,Sheet1!$A$1:$E$31, 5, FALSE) -> South Africa
A24: ZA | B24: New CI | C24: 8 | D24: 40647 | E24: 201109128 | F24: 40647 | G24: 2011/09128 | H24: =VLOOKUP($A24,Sheet1!$A$1:$E$31, 3, FALSE) -> 'Claire Smedley' <csmedley@vonseidels.com>; 'Chandré Arendse' <cbarendse@vonseidels.com>; poliver@vonseidels.com | I24: 특허법인 성암/전숙현 변리사 <shjeon@sungampat.com>; 'trademark@sungampat.com'; 특허법인 성암/예희남 차장 <trademark22@sungampat.com>; 특허법인 성암/오연지 대리 <trademark37@sungampat.com>; 특허법인 성암/진주 대리 <trademark39@sungampat.com>; 특허법인 성암/양은혜 과장 <trademark42@sungampat.com>; trademark65@sungampat.com | J24: =VLOOKUP($A24,Sheet1!$A$1:$E$31, 5, FALSE) -> South Africa
A25: ZA | B25: SHAI | C25: 8 | D25: 42242 | E25: 2015/23808 | F25: 43791 | G25: 2015/23808 | H25: =VLOOKUP($A25,Sheet1!$A$1:$E$31, 3, FALSE) -> 'Claire Smedley' <csmedley@vonseidels.com>; 'Chandré Arendse' <cbarendse@vonseidels.com>; poliver@vonseidels.com | I25: 특허법인 성암/전숙현 변리사 <shjeon@sungampat.com>; 'trademark@sungampat.com'; 특허법인 성암/예희남 차장 <trademark22@sungampat.com>; 특허법인 성암/오연지 대리 <trademark37@sungampat.com>; 특허법인 성암/진주 대리 <trademark39@sungampat.com>; 특허법인 성암/양은혜 과장 <trademark42@sungampat.com>; trademark66@sungampat.com | J25: =VLOOKUP($A25,Sheet1!$A$1:$E$31, 5, FALSE) -> South Africa
A26: ZA | B26: SHAI | C26: 3 | D26: 42242 | E26: 2015/23807 | F26: 43251 | G26: 2015/23807 | H26: =VLOOKUP($A26,Sheet1!$A$1:$E$31, 3, FALSE) -> 'Claire Smedley' <csmedley@vonseidels.com>; 'Chandré Arendse' <cbarendse@vonseidels.com>; poliver@vonseidels.com | I26: 특허법인 성암/전숙현 변리사 <shjeon@sungampat.com>; 'trademark@sungampat.com'; 특허법인 성암/예희남 차장 <trademark22@sungampat.com>; 특허법인 성암/오연지 대리 <trademark37@sungampat.com>; 특허법인 성암/진주 대리 <trademark39@sungampat.com>; 특허법인 성암/양은혜 과장 <trademark42@sungampat.com>; trademark67@sungampat.com | J26: =VLOOKUP($A26,Sheet1!$A$1:$E$31, 5, FALSE) -> South Africa
A27: ZA | B27: DORCO | C27: 8 | D27: 34689 | E27: 1994/14245 | F27: 35713 | G27: 94/14245 | H27: =VLOOKUP($A27,Sheet1!$A$1:$E$31, 3, FALSE) -> 'Claire Smedley' <csmedley@vonseidels.com>; 'Chandré Arendse' <cbarendse@vonseidels.com>; poliver@vonseidels.com | I27: 특허법인 성암/전숙현 변리사 <shjeon@sungampat.com>; 'trademark@sungampat.com'; 특허법인 성암/예희남 차장 <trademark22@sungampat.com>; 특허법인 성암/오연지 대리 <trademark37@sungampat.com>; 특허법인 성암/진주 대리 <trademark39@sungampat.com>; 특허법인 성암/양은혜 과장 <trademark42@sungampat.com>; trademark68@sungampat.com | J27: =VLOOKUP($A27,Sheet1!$A$1:$E$31, 5, FALSE) -> South Africa
A28: ZA | B28: PACE | C28: 3 | D28: 42242 | E28: 2015/23806 | F28: 43126 | G28: 2015/23806 | H28: =VLOOKUP($A28,Sheet1!$A$1:$E$31, 3, FALSE) -> 'Claire Smedley' <csmedley@vonseidels.com>; 'Chandré Arendse' <cbarendse@vonseidels.com>; poliver@vonseidels.com | I28: 특허법인 성암/전숙현 변리사 <shjeon@sungampat.com>; 'trademark@sungampat.com'; 특허법인 성암/예희남 차장 <trademark22@sungampat.com>; 특허법인 성암/오연지 대리 <trademark37@sungampat.com>; 특허법인 성암/진주 대리 <trademark39@sungampat.com>; 특허법인 성암/양은혜 과장 <trademark42@sungampat.com>; trademark69@sungampat.com | J28: =VLOOKUP($A28,Sheet1!$A$1:$E$31, 5, FALSE) -> South Africa
A29: ZA | B29: PACE | C29: 8 | D29: 41212 | E29: 2012/29429 | F29: 41876 | G29: 2012-29429 | H29: =VLOOKUP($A29,Sheet1!$A$1:$E$31, 3, FALSE) -> 'Claire Smedley' <csmedley@vonseidels.com>; 'Chandré Arendse' <cbarendse@vonseidels.com>; poliver@vonseidels.com | I29: 특허법인 성암/전숙현 변리사 <shjeon@sungampat.com>; 'trademark@sungampat.com'; 특허법인 성암/예희남 차장 <trademark22@sungampat.com>; 특허법인 성암/오연지 대리 <trademark37@sungampat.com>; 특허법인 성암/진주 대리 <trademark39@sungampat.com>; 특허법인 성암/양은혜 과장 <trademark42@sungampat.com>; trademark70@sungampat.com | J29: =VLOOKUP($A29,Sheet1!$A$1:$E$31, 5, FALSE) -> South Africa
A30: ZA | B30: DORCO | C30: 3 | D30: 42242 | E30: 2015/23805 | F30: 43791 | G30: 2015/23805 | H30: =VLOOKUP($A30,Sheet1!$A$1:$E$31, 3, FALSE) -> 'Claire Smedley' <csmedley@vonseidels.com>; 'Chandré Arendse' <cbarendse@vonseidels.com>; poliver@vonseidels.com | I30: 특허법인 성암/전숙현 변리사 <shjeon@sungampat.com>; 'trademark@sungampat.com'; 특허법인 성암/예희남 차장 <trademark22@sungampat.com>; 특허법인 성암/오연지 대리 <trademark37@sungampat.com>; 특허법인 성암/진주 대리 <trademark39@sungampat.com>; 특허법인 성암/양은혜 과장 <trademark42@sungampat.com>; trademark71@sungampat.com | J30: =VLOOKUP($A30,Sheet1!$A$1:$E$31, 5, FALSE) -> South Africa
A31: ZA | B31: DORCO | C31: 16 | D31: 42836 | E31: 2017/10148 | F31: 43553 | G31: 2017/10148 | H31: =VLOOKUP($A31,Sheet1!$A$1:$E$31, 3, FALSE) -> 'Claire Smedley' <csmedley@vonseidels.com>; 'Chandré Arendse' <cbarendse@vonseidels.com>; poliver@vonseidels.com | I31: 특허법인 성암/전숙현 변리사 <shjeon@sungampat.com>; 'trademark@sungampat.com'; 특허법인 성암/예희남 차장 <trademark22@sungampat.com>; 특허법인 성암/오연지 대리 <trademark37@sungampat.com>; 특허법인 성암/진주 대리 <trademark39@sungampat.com>; 특허법인 성암/양은혜 과장 <trademark42@sungampat.com>; trademark72@sungampat.com | J31: =VLOOKUP($A31,Sheet1!$A$1:$E$31, 5, FALSE) -> South Africa
A32: ZA | B32: DORCO EDGE | C32: 8 | D32: 43584 | E32: 2019/11994 | F32: 43584 | G32: 2019/11994 | H32: =VLOOKUP($A32,Sheet1!$A$1:$E$31, 3, FALSE) -> 'Claire Smedley' <csmedley@vonseidels.com>; 'Chandré Arendse' <cbarendse@vonseidels.com>; poliver@vonseidels.com | I32: 특허법인 성암/전숙현 변리사 <shjeon@sungampat.com>; 'trademark@sungampat.com'; 특허법인 성암/예희남 차장 <trademark22@sungampat.com>; 특허법인 성암/오연지 대리 <trademark37@sungampat.com>; 특허법인 성암/진주 대리 <trademark39@sungampat.com>; 특허법인 성암/양은혜 과장 <trademark42@sungampat.com>; trademark73@sungampat.com | J32: =VLOOKUP($A32,Sheet1!$A$1:$E$31, 5, FALSE) -> South Africa
A33: ZA | B33: FOAM SCRAPER | C33: 8 | D33: 43467 | E33: 2019/00151 | F33: 44008 | G33: 2019/00151 | H33: =VLOOKUP($A33,Sheet1!$A$1:$E$31, 3, FALSE) -> 'Claire Smedley' <csmedley@vonseidels.com>; 'Chandré Arendse' <cbarendse@vonseidels.com>; poliver@vonseidels.com | I33: 특허법인 성암/전숙현 변리사 <shjeon@sungampat.com>; 'trademark@sungampat.com'; 특허법인 성암/예희남 차장 <trademark22@sungampat.com>; 특허법인 성암/오연지 대리 <trademark37@sungampat.com>; 특허법인 성암/진주 대리 <trademark39@sungampat.com>; 특허법인 성암/양은혜 과장 <trademark42@sungampat.com>; trademark74@sungampat.com | J33: =VLOOKUP($A33,Sheet1!$A$1:$E$31, 5, FALSE) -> South Africa
A34: ZA | B34: DORCO Eve | C34: 8 | D34: 43279 | E34: 2018/18220 | F34: 44160 | G34: 2018/18220 | H34: =VLOOKUP($A34,Sheet1!$A$1:$E$31, 3, FALSE) -> 'Claire Smedley' <csmedley@vonseidels.com>; 'Chandré Arendse' <cbarendse@vonseidels.com>; poliver@vonseidels.com | I34: 특허법인 성암/전숙현 변리사 <shjeon@sungampat.com>; 'trademark@sungampat.com'; 특허법인 성암/예희남 차장 <trademark22@sungampat.com>; 특허법인 성암/오연지 대리 <trademark37@sungampat.com>; 특허법인 성암/진주 대리 <trademark39@sungampat.com>; 특허법인 성암/양은혜 과장 <trademark42@sungampat.com>; trademark75@sungampat.com | J34: =VLOOKUP($A34,Sheet1!$A$1:$E$31, 5, FALSE) -> South Africa
A35: NI | B35: DORCO Prime | C35: 8 | D35: 44092 | E35: 2020-002238 | F35: 44258 | G35: 2021133041 LM | H35: =VLOOKUP($A35,Sheet1!$A$1:$E$31, 3, FALSE) -> info guybendana.com.ni <info@guybendana.com.ni>; ipprosecution guybendana.com.ni <ipprosecution@guybendana.com.ni>; attorney guybendana.com.ni <attorney@guybendana.com.ni> | I35: 특허법인 성암/전숙현 변리사 <shjeon@sungampat.com>; 'trademark@sungampat.com'; 특허법인 성암/예희남 차장 <trademark22@sungampat.com>; 특허법인 성암/오연지 대리 <trademark37@sungampat.com>; 특허법인 성암/진주 대리 <trademark39@sungampat.com>; 특허법인 성암/양은혜 과장 <trademark42@sungampat.com>; trademark76@sungampat.com | J35: =VLOOKUP($A35,Sheet1!$A$1:$E$31, 5, FALSE) -> Nicaragua
A36: NI | B36: DORUSA | C36: 8 | G36: 700063 | H36: =VLOOKUP($A36,Sheet1!$A$1:$E$31, 3, FALSE) -> info guybendana.com.ni <info@guybendana.com.ni>; ipprosecution guybendana.com.ni <ipprosecution@guybendana.com.ni>; attorney guybendana.com.ni <attorney@guybendana.com.ni> | I36: 특허법인 성암/전숙현 변리사 <shjeon@sungampat.com>; 'trademark@sungampat.com'; 특허법인 성암/예희남 차장 <trademark22@sungampat.com>; 특허법인 성암/오연지 대리 <trademark37@sungampat.com>; 특허법인 성암/진주 대리 <trademark39@sungampat.com>; 특허법인 성암/양은혜 과장 <trademark42@sungampat.com>; trademark77@sungampat.com | J36: =VLOOKUP($A36,Sheet1!$A$1:$E$31, 5, FALSE) -> Nicaragua
A37: NI | B37: DORCO | C37: 8 | D37: 40862 | E37: 2011-004093 | F37: 41794 | G37: 2014104593LM | H37: =VLOOKUP($A37,Sheet1!$A$1:$E$31, 3, FALSE) -> info guybendana.com.ni <info@guybendana.com.ni>; ipprosecution guybendana.com.ni <ipprosecution@guybendana.com.ni>; attorney guybendana.com.ni <attorney@guybendana.com.ni> | I37: 특허법인 성암/전숙현 변리사 <shjeon@sungampat.com>; 'trademark@sungampat.com'; 특허법인 성암/예희남 차장 <trademark22@sungampat.com>; 특허법인 성암/오연지 대리 <trademark37@sungampat.com>; 특허법인 성암/진주 대리 <trademark39@sungampat.com>; 특허법인 성암/양은혜 과장 <trademark42@sungampat.com>; trademark78@sungampat.com | J37: =VLOOKUP($A37,Sheet1!$A$1:$E$31, 5, FALSE) -> Nicaragua
A38: NI | B38: PACE | C38: 8 | D38: 42678 | E38: 2016-004310 | F38: 42912 | G38: M2017119549LM | H38: =VLOOKUP($A38,Sheet1!$A$1:$E$31, 3, FALSE) -> info guybendana.com.ni <info@guybendana.com.ni>; ipprosecution guybendana.com.ni <ipprosecution@guybendana.com.ni>; attorney guybendana.com.ni <attorney@guybendana.com.ni> | I38: 특허법인 성암/전숙현 변리사 <shjeon@sungampat.com>; 'trademark@sungampat.com'; 특허법인 성암/예희남 차장 <trademark22@sungampat.com>; 특허법인 성암/오연지 대리 <trademark37@sungampat.com>; 특허법인 성암/진주 대리 <trademark39@sungampat.com>; 특허법인 성암/양은혜 과장 <trademark42@sungampat.com>; trademark79@sungampat.com | J38: =VLOOKUP($A38,Sheet1!$A$1:$E$31, 5, FALSE) -> Nicaragua
A39: DO | B39: DORCO | C39: 8 | D39: 42136 | E39: 2015-14457 | F39: 44564 | G39: 284037 | H39: =VLOOKUP($A39,Sheet1!$A$1:$E$31, 3, FALSE) -> trademarks@castillo.com.do | I39: 특허법인 성암/전숙현 변리사 <shjeon@sungampat.com>; 'trademark@sungampat.com'; 특허법인 성암/예희남 차장 <trademark22@sungampat.com>; 특허법인 성암/오연지 대리 <trademark37@sungampat.com>; 특허법인 성암/진주 대리 <trademark39@sungampat.com>; 특허법인 성암/양은혜 과장 <trademark42@sungampat.com>; trademark80@sungampat.com | J39: =VLOOKUP($A39,Sheet1!$A$1:$E$31, 5, FALSE) -> Dominican Republic
A40: DO | B40: DORUSA | C40: 8 | D40: 42136 | E40: 2015-14454 | F40: 42720 | G40: 2015-14454 | H40: =VLOOKUP($A40,Sheet1!$A$1:$E$31, 3, FALSE) -> trademarks@castillo.com.do | I40: 특허법인 성암/전숙현 변리사 <shjeon@sungampat.com>; 'trademark@sungampat.com'; 특허법인 성암/예희남 차장 <trademark22@sungampat.com>; 특허법인 성암/오연지 대리 <trademark37@sungampat.com>; 특허법인 성암/진주 대리 <trademark39@sungampat.com>; 특허법인 성암/양은혜 과장 <trademark42@sungampat.com>; trademark81@sungampat.com | J40: =VLOOKUP($A40,Sheet1!$A$1:$E$31, 5, FALSE) -> Dominican Republic
A41: DO | B41: Prime | C41: 08 | D41: 45079 | E41: 2023-32980 | F41: 45163 | G41: 302094 | H41: =VLOOKUP($A41,Sheet1!$A$1:$E$31, 3, FALSE) -> trademarks@castillo.com.do | I41: 특허법인 성암/전숙현 변리사 <shjeon@sungampat.com>; 'trademark@sungampat.com'; 특허법인 성암/예희남 차장 <trademark22@sungampat.com>; 특허법인 성암/오연지 대리 <trademark37@sungampat.com>; 특허법인 성암/진주 대리 <trademark39@sungampat.com>; 특허법인 성암/양은혜 과장 <trademark42@sungampat.com>; trademark82@sungampat.com | J41: =VLOOKUP($A41,Sheet1!$A$1:$E$31, 5, FALSE) -> Dominican Republic
A42: DO | B42: TINKLE | C42: 08 | D42: 45064 | E42: 2023-29953 | F42: 45146 | G42: 301525 | H42: =VLOOKUP($A42,Sheet1!$A$1:$E$31, 3, FALSE) -> trademarks@castillo.com.do | I42: 특허법인 성암/전숙현 변리사 <shjeon@sungampat.com>; 'trademark@sungampat.com'; 특허법인 성암/예희남 차장 <trademark22@sungampat.com>; 특허법인 성암/오연지 대리 <trademark37@sungampat.com>; 특허법인 성암/진주 대리 <trademark39@sungampat.com>; 특허법인 성암/양은혜 과장 <trademark42@sungampat.com>; trademark83@sungampat.com | J42: =VLOOKUP($A42,Sheet1!$A$1:$E$31, 5, FALSE) -> Dominican Republic
A43: DO | B43: EVE | C43: 08 | D43: 45079 | E43: 2023-32979 | F43: 45163 | G43: 302091 | H43: =VLOOKUP($A43,Sheet1!$A$1:$E$31, 3, FALSE) -> trademarks@castillo.com.do | I43: 특허법인 성암/전숙현 변리사 <shjeon@sungampat.com>; 'trademark@sungampat.com'; 특허법인 성암/예희남 차장 <trademark22@sungampat.com>; 특허법인 성암/오연지 대리 <trademark37@sungampat.com>; 특허법인 성암/진주 대리 <trademark39@sungampat.com>; 특허법인 성암/양은혜 과장 <trademark42@sungampat.com>; trademark84@sungampat.com | J43: =VLOOKUP($A43,Sheet1!$A$1:$E$31, 5, FALSE) -> Dominican Republic
A44: DO | B44: PACE | C44: 08 | D44: 45079 | E44: 2023-32977 | F44: 45726 | G44: 319833 | H44: =VLOOKUP($A44,Sheet1!$A$1:$E$31, 3, FALSE) -> trademarks@castillo.com.do | I44: 특허법인 성암/전숙현 변리사 <shjeon@sungampat.com>; 'trademark@sungampat.com'; 특허법인 성암/예희남 차장 <trademark22@sungampat.com>; 특허법인 성암/오연지 대리 <trademark37@sungampat.com>; 특허법인 성암/진주 대리 <trademark39@sungampat.com>; 특허법인 성암/양은혜 과장 <trademark42@sungampat.com>; trademark85@sungampat.com | J44: =VLOOKUP($A44,Sheet1!$A$1:$E$31, 5, FALSE) -> Dominican Republic
A45: LR | B45: FOAM SCRAPER | C45: 8 | D45: 43486 | E45: AP/M/2019/00080 | F45: 43759 | G45: LR/M/2019/00080 | H45: =VLOOKUP($A45,Sheet1!$A$1:$E$31, 3, FALSE) -> 'Claire Smedley' <csmedley@vonseidels.com>; 'Chandré Arendse' <cbarendse@vonseidels.com>; poliver@vonseidels.com | I45: 특허법인 성암/전숙현 변리사 <shjeon@sungampat.com>; 'trademark@sungampat.com'; 특허법인 성암/예희남 차장 <trademark22@sungampat.com>; 특허법인 성암/오연지 대리 <trademark37@sungampat.com>; 특허법인 성암/진주 대리 <trademark39@sungampat.com>; 특허법인 성암/양은혜 과장 <trademark42@sungampat.com>; trademark86@sungampat.com | J45: =VLOOKUP($A45,Sheet1!$A$1:$E$31, 5, FALSE) -> Liberia
A46: LR | B46: DORCO TITAN | C46: 8 | D46: 43224 | E46: LR/M/2018/00050 | F46: 43256 | G46: LR/M/2018/00050 | H46: =VLOOKUP($A46,Sheet1!$A$1:$E$31, 3, FALSE) -> 'Claire Smedley' <csmedley@vonseidels.com>; 'Chandré Arendse' <cbarendse@vonseidels.com>; poliver@vonseidels.com | I46: 특허법인 성암/전숙현 변리사 <shjeon@sungampat.com>; 'trademark@sungampat.com'; 특허법인 성암/예희남 차장 <trademark22@sungampat.com>; 특허법인 성암/오연지 대리 <trademark37@sungampat.com>; 특허법인 성암/진주 대리 <trademark39@sungampat.com>; 특허법인 성암/양은혜 과장 <trademark42@sungampat.com>; trademark87@sungampat.com | J46: =VLOOKUP($A46,Sheet1!$A$1:$E$31, 5, FALSE) -> Liberia
A47: MG | B47: DORCO TITAN | C47: 08 | D47: 44945 | E47: 20230045 | F47: 45168 | G47: 24935 | H47: =VLOOKUP($A47,Sheet1!$A$1:$E$31, 3, FALSE) -> info@ensafrica.com; rforster@ensafrica.com | I47: 특허법인 성암/전숙현 변리사 <shjeon@sungampat.com>; 'trademark@sungampat.com'; 특허법인 성암/예희남 차장 <trademark22@sungampat.com>; 특허법인 성암/오연지 대리 <trademark37@sungampat.com>; 특허법인 성암/진주 대리 <trademark39@sungampat.com>; 특허법인 성암/양은혜 과장 <trademark42@sungampat.com>; trademark88@sungampat.com | J47: =VLOOKUP($A47,Sheet1!$A$1:$E$31, 5, FALSE) -> Madagascar
A48: MG | B48: PACE | C48: 08 | D48: 44945 | E48: 20230044 | F48: 45168 | G48: 24934 | H48: =VLOOKUP($A48,Sheet1!$A$1:$E$31, 3, FALSE) -> info@ensafrica.com; rforster@ensafrica.com | I48: 특허법인 성암/전숙현 변리사 <shjeon@sungampat.com>; 'trademark@sungampat.com'; 특허법인 성암/예희남 차장 <trademark22@sungampat.com>; 특허법인 성암/오연지 대리 <trademark37@sungampat.com>; 특허법인 성암/진주 대리 <trademark39@sungampat.com>; 특허법인 성암/양은혜 과장 <trademark42@sungampat.com>; trademark89@sungampat.com | J48: =VLOOKUP($A48,Sheet1!$A$1:$E$31, 5, FALSE) -> Madagascar
... A64: MI | B64: DORCO | C64: 08 | D64: 44134 | E64: MM/T/2020/005241 | F64: 45642 | G64: TM/2024/002179 | H64: =VLOOKUP($A64,Sheet1!$A$1:$E$31, 3, FALSE) -> Khin Myo Myo Aye <khinmyomyoaye@tilleke.com>; mm.docketing@tilleke.com | I64: 특허법인 성암/전숙현 변리사 <shjeon@sungampat.com>; 'trademark@sungampat.com'; 특허법인 성암/예희남 차장 <trademark22@sungampat.com>; 특허법인 성암/오연지 대리 <trademark37@sungampat.com>; 특허법인 성암/진주 대리 <trademark39@sungampat.com>; 특허법인 성암/양은혜 과장 <trademark42@sungampat.com>; trademark105@sungampat.com | J64: =VLOOKUP($A64,Sheet1!$A$1:$E$31, 5, FALSE) -> Myanmar (Burma)
A65: VN | B65: PACE CROSS | C65: 08 | D65: 45734 | E65: 4-2025-10676 | H65: =VLOOKUP($A65,Sheet1!$A$1:$E$31, 3, FALSE) -> Nguyen Thuy Hong' <nt.hong@vision-associates.com>; 'Nguyen Thi Thu Ha' <ntt.ha1@vision-associates.com> | I65: 특허법인 성암/전숙현 변리사 <shjeon@sungampat.com>; 'trademark@sungampat.com'; 특허법인 성암/예희남 차장 <trademark22@sungampat.com>; 특허법인 성암/오연지 대리 <trademark37@sungampat.com>; 특허법인 성암/진주 대리 <trademark39@sungampat.com>; 특허법인 성암/양은혜 과장 <trademark42@sungampat.com>; trademark106@sungampat.com | J65: =VLOOKUP($A65,Sheet1!$A$1:$E$31, 5, FALSE) -> Vietnam
A66: VN | B66: mychef | C66: 08,21 | D66: 45231 | E66: 4-2023-49714 | H66: =VLOOKUP($A66,Sheet1!$A$1:$E$31, 3, FALSE) -> Nguyen Thuy Hong' <nt.hong@vision-associates.com>; 'Nguyen Thi Thu Ha' <ntt.ha1@vision-associates.com> | I66: 특허법인 성암/전숙현 변리사 <shjeon@sungampat.com>; 'trademark@sungampat.com'; 특허법인 성암/예희남 차장 <trademark22@sungampat.com>; 특허법인 성암/오연지 대리 <trademark37@sungampat.com>; 특허법인 성암/진주 대리 <trademark39@sungampat.com>; 특허법인 성암/양은혜 과장 <trademark42@sungampat.com>; trademark107@sungampat.com | J66: =VLOOKUP($A66,Sheet1!$A$1:$E$31, 5, FALSE) -> Vietnam
A67: VN | B67: EVE | C67: 08 | D67: 45236 | E67: 4-2023-50456 | H67: =VLOOKUP($A67,Sheet1!$A$1:$E$31, 3, FALSE) -> Nguyen Thuy Hong' <nt.hong@vision-associates.com>; 'Nguyen Thi Thu Ha' <ntt.ha1@vision-associates.com> | I67: 특허법인 성암/전숙현 변리사 <shjeon@sungampat.com>; 'trademark@sungampat.com'; 특허법인 성암/예희남 차장 <trademark22@sungampat.com>; 특허법인 성암/오연지 대리 <trademark37@sungampat.com>; 특허법인 성암/진주 대리 <trademark39@sungampat.com>; 특허법인 성암/양은혜 과장 <trademark42@sungampat.com>; trademark108@sungampat.com | J67: =VLOOKUP($A67,Sheet1!$A$1:$E$31, 5, FALSE) -> Vietnam
A68: VN | B68: DORCO PROCUT | C68: 08 | D68: 45194 | E68: 4-2023-42810 | H68: =VLOOKUP($A68,Sheet1!$A$1:$E$31, 3, FALSE) -> Nguyen Thuy Hong' <nt.hong@vision-associates.com>; 'Nguyen Thi Thu Ha' <ntt.ha1@vision-associates.com> | I68: 특허법인 성암/전숙현 변리사 <shjeon@sungampat.com>; 'trademark@sungampat.com'; 특허법인 성암/예희남 차장 <trademark22@sungampat.com>; 특허법인 성암/오연지 대리 <trademark37@sungampat.com>; 특허법인 성암/진주 대리 <trademark39@sungampat.com>; 특허법인 성암/양은혜 과장 <trademark42@sungampat.com>; trademark109@sungampat.com | J68: =VLOOKUP($A68,Sheet1!$A$1:$E$31, 5, FALSE) -> Vietnam
A69: VN | B69: SCHAFFEN | C69: 08,21 | D69: 45194 | E69: 4-2023-42813 | H69: =VLOOKUP($A69,Sheet1!$A$1:$E$31, 3, FALSE) -> Nguyen Thuy Hong' <nt.hong@vision-associates.com>; 'Nguyen Thi Thu Ha' <ntt.ha1@vision-associates.com> | I69: 특허법인 성암/전숙현 변리사 <shjeon@sungampat.com>; 'trademark@sungampat.com'; 특허법인 성암/예희남 차장 <trademark22@sungampat.com>; 특허법인 성암/오연지 대리 <trademark37@sungampat.com>; 특허법인 성암/진주 대리 <trademark39@sungampat.com>; 특허법인 성암/양은혜 과장 <trademark42@sungampat.com>; trademark110@sungampat.com | J69: =VLOOKUP($A69,Sheet1!$A$1:$E$31, 5, FALSE) -> Vietnam
A70: VN | B70: DORCO SUPERB | C70: 08 | D70: 45084 | E70: 4-2023-23766 | H70: =VLOOKUP($A70,Sheet1!$A$1:$E$31, 3, FALSE) -> Nguyen Thuy Hong' <nt.hong@vision-associates.com>; 'Nguyen Thi Thu Ha' <ntt.ha1@vision-associates.com> | I70: 특허법인 성암/전숙현 변리사 <shjeon@sungampat.com>; 'trademark@sungampat.com'; 특허법인 성암/예희남 차장 <trademark22@sungampat.com>; 특허법인 성암/오연지 대리 <trademark37@sungampat.com>; 특허법인 성암/진주 대리 <trademark39@sungampat.com>; 특허법인 성암/양은혜 과장 <trademark42@sungampat.com>; trademark111@sungampat.com | J70: =VLOOKUP($A70,Sheet1!$A$1:$E$31, 5, FALSE) -> Vietnam
A71: VN | B71: TINKLE | C71: 8 | D71: 41647 | E71: 4-2014-00578 | F71: 42138 | G71: 245015 | H71: =VLOOKUP($A71,Sheet1!$A$1:$E$31, 3, FALSE) -> Nguyen Thuy Hong' <nt.hong@vision-associates.com>; 'Nguyen Thi Thu Ha' <ntt.ha1@vision-associates.com> | I71: 특허법인 성암/전숙현 변리사 <shjeon@sungampat.com>; 'trademark@sungampat.com'; 특허법인 성암/예희남 차장 <trademark22@sungampat.com>; 특허법인 성암/오연지 대리 <trademark37@sungampat.com>; 특허법인 성암/진주 대리 <trademark39@sungampat.com>; 특허법인 성암/양은혜 과장 <trademark42@sungampat.com>; trademark112@sungampat.com | J71: =VLOOKUP($A71,Sheet1!$A$1:$E$31, 5, FALSE) -> Vietnam
A72: VN | B72: DORCO TG-Ⅱ | C72: 8 | D72: 41179 | E72: 4-2012-21582 | F72: 41814 | G72: 226921 | H72: =VLOOKUP($A72,Sheet1!$A$1:$E$31, 3, FALSE) -> Nguyen Thuy Hong' <nt.hong@vision-associates.com>; 'Nguyen Thi Thu Ha' <ntt.ha1@vision-associates.com> | I72: 특허법인 성암/전숙현 변리사 <shjeon@sungampat.com>; 'trademark@sungampat.com'; 특허법인 성암/예희남 차장 <trademark22@sungampat.com>; 특허법인 성암/오연지 대리 <trademark37@sungampat.com>; 특허법인 성암/진주 대리 <trademark39@sungampat.com>; 특허법인 성암/양은혜 과장 <trademark42@sungampat.com>; trademark113@sungampat.com | J72: =VLOOKUP($A72,Sheet1!$A$1:$E$31, 5, FALSE) -> Vietnam
A73: VN | B73: ZEXT | C73: 08 | D73: 42989 | E73: 4-2017-28939 | F73: 43868 | G73: 4-0344044-000 | H73: =VLOOKUP($A73,Sheet1!$A$1:$E$31, 3, FALSE) -> Nguyen Thuy Hong' <nt.hong@vision-associates.com>; 'Nguyen Thi Thu Ha' <ntt.ha1@vision-associates.com> | I73: 특허법인 성암/전숙현 변리사 <shjeon@sungampat.com>; 'trademark@sungampat.com'; 특허법인 성암/예희남 차장 <trademark22@sungampat.com>; 특허법인 성암/오연지 대리 <trademark37@sungampat.com>; 특허법인 성암/진주 대리 <trademark39@sungampat.com>; 특허법인 성암/양은혜 과장 <trademark42@sungampat.com>; trademark114@sungampat.com | J73: =VLOOKUP($A73,Sheet1!$A$1:$E$31, 5, FALSE) -> Vietnam
A74: VN | B74: DORCO | C74: 21 | D74: 45194 | E74: 4-2023-42809 | F74: 45817 | G74: 551619 | H74: =VLOOKUP($A74,Sheet1!$A$1:$E$31, 3, FALSE) -> Nguyen Thuy Hong' <nt.hong@vision-associates.com>; 'Nguyen Thi Thu Ha' <ntt.ha1@vision-associates.com> | I74: 특허법인 성암/전숙현 변리사 <shjeon@sungampat.com>; 'trademark@sungampat.com'; 특허법인 성암/예희남 차장 <trademark22@sungampat.com>; 특허법인 성암/오연지 대리 <trademark37@sungampat.com>; 특허법인 성암/진주 대리 <trademark39@sungampat.com>; 특허법인 성암/양은혜 과장 <trademark42@sungampat.com>; trademark115@sungampat.com | J74: =VLOOKUP($A74,Sheet1!$A$1:$E$31, 5, FALSE) -> Vietnam
A75: VN | B75: DORCO RAPID | C75: 08 | D75: 44174 | E75: 4-2020-51713 | F75: 45044 | G75: 452465 | H75: =VLOOKUP($A75,Sheet1!$A$1:$E$31, 3, FALSE) -> Nguyen Thuy Hong' <nt.hong@vision-associates.com>; 'Nguyen Thi Thu Ha' <ntt.ha1@vision-associates.com> | I75: 특허법인 성암/전숙현 변리사 <shjeon@sungampat.com>; 'trademark@sungampat.com'; 특허법인 성암/예희남 차장 <trademark22@sungampat.com>; 특허법인 성암/오연지 대리 <trademark37@sungampat.com>; 특허법인 성암/진주 대리 <trademark39@sungampat.com>; 특허법인 성암/양은혜 과장 <trademark42@sungampat.com>; trademark116@sungampat.com | J75: =VLOOKUP($A75,Sheet1!$A$1:$E$31, 5, FALSE) -> Vietnam
A76: VN | B76: DORCO ECOSHAVE | C76: 8 | D76: 44075 | E76: 4-2020-35693 | F76: 44784 | G76: 433995 | H76: =VLOOKUP($A76,Sheet1!$A$1:$E$31, 3, FALSE) -> Nguyen Thuy Hong' <nt.hong@vision-associates.com>; 'Nguyen Thi Thu Ha' <ntt.ha1@vision-associates.com> | I76: 특허법인 성암/전숙현 변리사 <shjeon@sungampat.com>; 'trademark@sungampat.com'; 특허법인 성암/예희남 차장 <trademark22@sungampat.com>; 특허법인 성암/오연지 대리 <trademark37@sungampat.com>; 특허법인 성암/진주 대리 <trademark39@sungampat.com>; 특허법인 성암/양은혜 과장 <trademark42@sungampat.com>; trademark117@sungampat.com | J76: =VLOOKUP($A76,Sheet1!$A$1:$E$31, 5, FALSE) -> Vietnam
A77: VN | B77: TNB200 Package TYPE2 | C77: 8 | D77: 44063 | E77: 4-2020-33712 | F77: 44756 | G77: 430455 | H77: =VLOOKUP($A77,Sheet1!$A$1:$E$31, 3, FALSE) -> Nguyen Thuy Hong' <nt.hong@vision-associates.com>; 'Nguyen Thi Thu Ha' <ntt.ha1@vision-associates.com> | I77: 특허법인 성암/전숙현 변리사 <shjeon@sungampat.com>; 'trademark@sungampat.com'; 특허법인 성암/예희남 차장 <trademark22@sungampat.com>; 특허법인 성암/오연지 대리 <trademark37@sungampat.com>; 특허법인 성암/진주 대리 <trademark39@sungampat.com>; 특허법인 성암/양은혜 과장 <trademark42@sungampat.com>; trademark118@sungampat.com | J77: =VLOOKUP($A77,Sheet1!$A$1:$E$31, 5, FALSE) -> Vietnam
A78: VN | B78: DNewLogo | C78: 35,8 | D78: 43588 | E78: 4-2019-14845 | F78: 44369 | G78: 390201 | H78: =VLOOKUP($A78,Sheet1!$A$1:$E$31, 3, FALSE) -> Nguyen Thuy Hong' <nt.hong@vision-associates.com>; 'Nguyen Thi Thu Ha' <ntt.ha1@vision-associates.com> | I78: 특허법인 성암/전숙현 변리사 <shjeon@sungampat.com>; 'trademark@sungampat.com'; 특허법인 성암/예희남 차장 <trademark22@sungampat.com>; 특허법인 성암/오연지 대리 <trademark37@sungampat.com>; 특허법인 성암/진주 대리 <trademark39@sungampat.com>; 특허법인 성암/양은혜 과장 <trademark42@sungampat.com>; trademark119@sungampat.com | J78: =VLOOKUP($A78,Sheet1!$A$1:$E$31, 5, FALSE) -> Vietnam
A79: VN | B79: DORCO EDGE | C79: 8 | D79: 43581 | E79: 4-2019-14557 | F79: 44386 | G79: 392245 | H79: =VLOOKUP($A79,Sheet1!$A$1:$E$31, 3, FALSE) -> Nguyen Thuy Hong' <nt.hong@vision-associates.com>; 'Nguyen Thi Thu Ha' <ntt.ha1@vision-associates.com> | I79: 특허법인 성암/전숙현 변리사 <shjeon@sungampat.com>; 'trademark@sungampat.com'; 특허법인 성암/예희남 차장 <trademark22@sungampat.com>; 특허법인 성암/오연지 대리 <trademark37@sungampat.com>; 특허법인 성암/진주 대리 <trademark39@sungampat.com>; 특허법인 성암/양은혜 과장 <trademark42@sungampat.com>; trademark120@sungampat.com | J79: =VLOOKUP($A79,Sheet1!$A$1:$E$31, 5, FALSE) -> Vietnam
A80: VN | B80: I'M WITH DORCO | C80: 8,35 | D80: 42480 | E80: 4-2016-10849 | F80: 43430 | G80: 309109 | H80: =VLOOKUP($A80,Sheet1!$A$1:$E$31, 3, FALSE) -> Nguyen Thuy Hong' <nt.hong@vision-associates.com>; 'Nguyen Thi Thu Ha' <ntt.ha1@vision-associates.com> | I80: 특허법인 성암/전숙현 변리사 <shjeon@sungampat.com>; 'trademark@sungampat.com'; 특허법인 성암/예희남 차장 <trademark22@sungampat.com>; 특허법인 성암/오연지 대리 <trademark37@sungampat.com>; 특허법인 성암/진주 대리 <trademark39@sungampat.com>; 특허법인 성암/양은혜 과장 <trademark42@sungampat.com>; trademark121@sungampat.com | J80: =VLOOKUP($A80,Sheet1!$A$1:$E$31, 5, FALSE) -> Vietnam
A81: VN | B81: DORCO TITAN | C81: 8 | D81: 42534 | E81: 4201617387 | F81: 43672 | G81: 325161 | H81: =VLOOKUP($A81,Sheet1!$A$1:$E$31, 3, FALSE) -> Nguyen Thuy Hong' <nt.hong@vision-associates.com>; 'Nguyen Thi Thu Ha' <ntt.ha1@vision-associates.com> | I81: 특허법인 성암/전숙현 변리사 <shjeon@sungampat.com>; 'trademark@sungampat.com'; 특허법인 성암/예희남 차장 <trademark22@sungampat.com>; 특허법인 성암/오연지 대리 <trademark37@sungampat.com>; 특허법인 성암/진주 대리 <trademark39@sungampat.com>; 특허법인 성암/양은혜 과장 <trademark42@sungampat.com>; trademark122@sungampat.com | J81: =VLOOKUP($A81,Sheet1!$A$1:$E$31, 5, FALSE) -> Vietnam
A82: VN | B82: DORCO | C82: 8 | D82: 35132 | E82: N-0883/96 | F82: 38603 | G82: 23262 | H82: =VLOOKUP($A82,Sheet1!$A$1:$E$31, 3, FALSE) -> Nguyen Thuy Hong' <nt.hong@vision-associates.com>; 'Nguyen Thi Thu Ha' <ntt.ha1@vision-associates.com> | I82: 특허법인 성암/전숙현 변리사 <shjeon@sungampat.com>; 'trademark@sungampat.com'; 특허법인 성암/예희남 차장 <trademark22@sungampat.com>; 특허법인 성암/오연지 대리 <trademark37@sungampat.com>; 특허법인 성암/진주 대리 <trademark39@sungampat.com>; 특허법인 성암/양은혜 과장 <trademark42@sungampat.com>; trademark123@sungampat.com | J82: =VLOOKUP($A82,Sheet1!$A$1:$E$31, 5, FALSE) -> Vietnam
... A84: VN | B84: I'M WITH DORCO | C84: 3 | D84: 42480 | E84: 4-2016-10850 | F84: 43154 | G84: 295758 | H84: =VLOOKUP($A84,Sheet1!$A$1:$E$31, 3, FALSE) -> Nguyen Thuy Hong' <nt.hong@vision-associates.com>; 'Nguyen Thi Thu Ha' <ntt.ha1@vision-associates.com> | I84: 특허법인 성암/전숙현 변리사 <shjeon@sungampat.com>; 'trademark@sungampat.com'; 특허법인 성암/예희남 차장 <trademark22@sungampat.com>; 특허법인 성암/오연지 대리 <trademark37@sungampat.com>; 특허법인 성암/진주 대리 <trademark39@sungampat.com>; 특허법인 성암/양은혜 과장 <trademark42@sungampat.com>; trademark125@sungampat.com | J84: =VLOOKUP($A84,Sheet1!$A$1:$E$31, 5, FALSE) -> Vietnam
A85: BW | B85: Prime | C85: 08 | D85: 44935 | E85: BW/M/2023/00006 | H85: =VLOOKUP($A85,Sheet1!$A$1:$E$31, 3, FALSE) -> info@ensafrica.com; rforster@ensafrica.com | I85: 특허법인 성암/전숙현 변리사 <shjeon@sungampat.com>; 'trademark@sungampat.com'; 특허법인 성암/예희남 차장 <trademark22@sungampat.com>; 특허법인 성암/오연지 대리 <trademark37@sungampat.com>; 특허법인 성암/진주 대리 <trademark39@sungampat.com>; 특허법인 성암/양은혜 과장 <trademark42@sungampat.com>; trademark126@sungampat.com | J85: =VLOOKUP($A85,Sheet1!$A$1:$E$31, 5, FALSE) -> Botswana
A86: BW | B86: DORCO TITAN | C86: 08 | D86: 44935 | E86: BW/M/2023/00005 | F86: 45225 | G86: BW/M/2023/00005 | H86: =VLOOKUP($A86,Sheet1!$A$1:$E$31, 3, FALSE) -> info@ensafrica.com; rforster@ensafrica.com | I86: 특허법인 성암/전숙현 변리사 <shjeon@sungampat.com>; 'trademark@sungampat.com'; 특허법인 성암/예희남 차장 <trademark22@sungampat.com>; 특허법인 성암/오연지 대리 <trademark37@sungampat.com>; 특허법인 성암/진주 대리 <trademark39@sungampat.com>; 특허법인 성암/양은혜 과장 <trademark42@sungampat.com>; trademark127@sungampat.com | J86: =VLOOKUP($A86,Sheet1!$A$1:$E$31, 5, FALSE) -> Botswana
A87: BW | B87: PACE | C87: 08 | D87: 44935 | E87: BW/M/2023/00007 | F87: 45225 | G87: BW/M/2023/00007 | H87: =VLOOKUP($A87,Sheet1!$A$1:$E$31, 3, FALSE) -> info@ensafrica.com; rforster@ensafrica.com | I87: 특허법인 성암/전숙현 변리사 <shjeon@sungampat.com>; 'trademark@sungampat.com'; 특허법인 성암/예희남 차장 <trademark22@sungampat.com>; 특허법인 성암/오연지 대리 <trademark37@sungampat.com>; 특허법인 성암/진주 대리 <trademark39@sungampat.com>; 특허법인 성암/양은혜 과장 <trademark42@sungampat.com>; trademark128@sungampat.com | J87: =VLOOKUP($A87,Sheet1!$A$1:$E$31, 5, FALSE) -> Botswana
A88: SO | B88: DORCO TITAN | C88: 08 | D88: 45066 | E88: 1660 | F88: 45167 | G88: SIPO/001067/23 | H88: =VLOOKUP($A88,Sheet1!$A$1:$E$31, 3, FALSE) -> 'Claire Smedley' <csmedley@vonseidels.com>; 'Chandré Arendse' <cbarendse@vonseidels.com>; poliver@vonseidels.com | I88: 특허법인 성암/전숙현 변리사 <shjeon@sungampat.com>; 'trademark@sungampat.com'; 특허법인 성암/예희남 차장 <trademark22@sungampat.com>; 특허법인 성암/오연지 대리 <trademark37@sungampat.com>; 특허법인 성암/진주 대리 <trademark39@sungampat.com>; 특허법인 성암/양은혜 과장 <trademark42@sungampat.com>; trademark129@sungampat.com | J88: =VLOOKUP($A88,Sheet1!$A$1:$E$31, 5, FALSE) -> Somalia
A89: SO | B89: PACE | C89: 08 | D89: 44359 | E89: 414 | F89: 44691 | G89: MoCI/SIPO/00313/2 | H89: =VLOOKUP($A89,Sheet1!$A$1:$E$31, 3, FALSE) -> 'Claire Smedley' <csmedley@vonseidels.com>; 'Chandré Arendse' <cbarendse@vonseidels.com>; poliver@vonseidels.com | I89: 특허법인 성암/전숙현 변리사 <shjeon@sungampat.com>; 'trademark@sungampat.com'; 특허법인 성암/예희남 차장 <trademark22@sungampat.com>; 특허법인 성암/오연지 대리 <trademark37@sungampat.com>; 특허법인 성암/진주 대리 <trademark39@sungampat.com>; 특허법인 성암/양은혜 과장 <trademark42@sungampat.com>; trademark130@sungampat.com | J89: =VLOOKUP($A89,Sheet1!$A$1:$E$31, 5, FALSE) -> Somalia
A90: SO | B90: DORCO | C90: 08 | D90: 44359 | E90: 413 | F90: 44691 | G90: MoCI/SIPO/00312/2 | H90: =VLOOKUP($A90,Sheet1!$A$1:$E$31, 3, FALSE) -> 'Claire Smedley' <csmedley@vonseidels.com>; 'Chandré Arendse' <cbarendse@vonseidels.com>; poliver@vonseidels.com | I90: 특허법인 성암/전숙현 변리사 <shjeon@sungampat.com>; 'trademark@sungampat.com'; 특허법인 성암/예희남 차장 <trademark22@sungampat.com>; 특허법인 성암/오연지 대리 <trademark37@sungampat.com>; 특허법인 성암/진주 대리 <trademark39@sungampat.com>; 특허법인 성암/양은혜 과장 <trademark42@sungampat.com>; trademark131@sungampat.com | J90: =VLOOKUP($A90,Sheet1!$A$1:$E$31, 5, FALSE) -> Somalia
A91: SO | B91: TNB200 Package TYPE2 | C91: 08 | D91: 44359 | E91: 416 | F91: 44359 | G91: 00310/22 | H91: =VLOOKUP($A91,Sheet1!$A$1:$E$31, 3, FALSE) -> 'Claire Smedley' <csmedley@vonseidels.com>; 'Chandré Arendse' <cbarendse@vonseidels.com>; poliver@vonseidels.com | I91: 특허법인 성암/전숙현 변리사 <shjeon@sungampat.com>; 'trademark@sungampat.com'; 특허법인 성암/예희남 차장 <trademark22@sungampat.com>; 특허법인 성암/오연지 대리 <trademark37@sungampat.com>; 특허법인 성암/진주 대리 <trademark39@sungampat.com>; 특허법인 성암/양은혜 과장 <trademark42@sungampat.com>; trademark132@sungampat.com | J91: =VLOOKUP($A91,Sheet1!$A$1:$E$31, 5, FALSE) -> Somalia
A92: SO | B92: TNB200 Package TYPE1 | C92: 8 | D92: 44359 | E92: 412 | F92: 44359 | G92: 00311/22 | H92: =VLOOKUP($A92,Sheet1!$A$1:$E$31, 3, FALSE) -> 'Claire Smedley' <csmedley@vonseidels.com>; 'Chandré Arendse' <cbarendse@vonseidels.com>; poliver@vonseidels.com | I92: 특허법인 성암/전숙현 변리사 <shjeon@sungampat.com>; 'trademark@sungampat.com'; 특허법인 성암/예희남 차장 <trademark22@sungampat.com>; 특허법인 성암/오연지 대리 <trademark37@sungampat.com>; 특허법인 성암/진주 대리 <trademark39@sungampat.com>; 특허법인 성암/양은혜 과장 <trademark42@sungampat.com>; trademark133@sungampat.com | J92: =VLOOKUP($A92,Sheet1!$A$1:$E$31, 5, FALSE) -> Somalia
A93: SD | B93: DORCO TITAN | C93: 8 | D93: 43244 | E93: 60014 | F93: 44192 | G93: 60014 | H93: =VLOOKUP($A93,Sheet1!$A$1:$E$31, 3, FALSE) -> 'Claire Smedley' <csmedley@vonseidels.com>; 'Chandré Arendse' <cbarendse@vonseidels.com>; poliver@vonseidels.com | I93: 특허법인 성암/전숙현 변리사 <shjeon@sungampat.com>; 'trademark@sungampat.com'; 특허법인 성암/예희남 차장 <trademark22@sungampat.com>; 특허법인 성암/오연지 대리 <trademark37@sungampat.com>; 특허법인 성암/진주 대리 <trademark39@sungampat.com>; 특허법인 성암/양은혜 과장 <trademark42@sungampat.com>; trademark134@sungampat.com | J93: =VLOOKUP($A93,Sheet1!$A$1:$E$31, 5, FALSE) -> Sudan
A94: AO | B94: PACE | C94: 8 | D94: 43473 | E94: 58750 | H94: =VLOOKUP($A94,Sheet1!$A$1:$E$31, 3, FALSE) -> Claire Smedley <csmedley@vonseidels.com>; Chandré Arendse <cbarendse@vonseidels.com>; Pearlen Oliver <poliver@vonseidels.com> | I94: 특허법인 성암/전숙현 변리사 <shjeon@sungampat.com>; 'trademark@sungampat.com'; 특허법인 성암/예희남 차장 <trademark22@sungampat.com>; 특허법인 성암/오연지 대리 <trademark37@sungampat.com>; 특허법인 성암/진주 대리 <trademark39@sungampat.com>; 특허법인 성암/양은혜 과장 <trademark42@sungampat.com>; trademark135@sungampat.com | J94: =VLOOKUP($A94,Sheet1!$A$1:$E$31, 5, FALSE) -> Angola
A95: AO | B95: DORCO Prime | C95: 8 | D95: 41746 | E95: 39850 | F95: 41746 | G95: 39850 | H95: =VLOOKUP($A95,Sheet1!$A$1:$E$31, 3, FALSE) -> Claire Smedley <csmedley@vonseidels.com>; Chandré Arendse <cbarendse@vonseidels.com>; Pearlen Oliver <poliver@vonseidels.com> | I95: 특허법인 성암/전숙현 변리사 <shjeon@sungampat.com>; 'trademark@sungampat.com'; 특허법인 성암/예희남 차장 <trademark22@sungampat.com>; 특허법인 성암/오연지 대리 <trademark37@sungampat.com>; 특허법인 성암/진주 대리 <trademark39@sungampat.com>; 특허법인 성암/양은혜 과장 <trademark42@sungampat.com>; trademark136@sungampat.com | J95: =VLOOKUP($A95,Sheet1!$A$1:$E$31, 5, FALSE) -> Angola
A96: AO | B96: DORCO | C96: 8 | D96: 40835 | E96: 29697 | F96: 43215 | G96: 29697 | H96: =VLOOKUP($A96,Sheet1!$A$1:$E$31, 3, FALSE) -> Claire Smedley <csmedley@vonseidels.com>; Chandré Arendse <cbarendse@vonseidels.com>; Pearlen Oliver <poliver@vonseidels.com> | I96: 특허법인 성암/전숙현 변리사 <shjeon@sungampat.com>; 'trademark@sungampat.com'; 특허법인 성암/예희남 차장 <trademark22@sungampat.com>; 특허법인 성암/오연지 대리 <trademark37@sungampat.com>; 특허법인 성암/진주 대리 <trademark39@sungampat.com>; 특허법인 성암/양은혜 과장 <trademark42@sungampat.com>; trademark137@sungampat.com | J96: =VLOOKUP($A96,Sheet1!$A$1:$E$31, 5, FALSE) -> Angola
A97: AO | B97: DORCO TO ZO8N | C97: 8 | D97: 41425 | E97: 35990 | F97: 41425 | G97: 35990 | H97: =VLOOKUP($A97,Sheet1!$A$1:$E$31, 3, FALSE) -> Claire Smedley <csmedley@vonseidels.com>; Chandré Arendse <cbarendse@vonseidels.com>; Pearlen Oliver <poliver@vonseidels.com> | I97: 특허법인 성암/전숙현 변리사 <shjeon@sungampat.com>; 'trademark@sungampat.com'; 특허법인 성암/예희남 차장 <trademark22@sungampat.com>; 특허법인 성암/오연지 대리 <trademark37@sungampat.com>; 특허법인 성암/진주 대리 <trademark39@sungampat.com>; 특허법인 성암/양은혜 과장 <trademark42@sungampat.com>; trademark138@sungampat.com | J97: =VLOOKUP($A97,Sheet1!$A$1:$E$31, 5, FALSE) -> Angola
A98: AO | B98: DORCO TO 708N | C98: 8 | D98: 41425 | E98: 35992 | F98: 41425 | G98: 35992 | H98: =VLOOKUP($A98,Sheet1!$A$1:$E$31, 3, FALSE) -> Claire Smedley <csmedley@vonseidels.com>; Chandré Arendse <cbarendse@vonseidels.com>; Pearlen Oliver <poliver@vonseidels.com> | I98: 특허법인 성암/전숙현 변리사 <shjeon@sungampat.com>; 'trademark@sungampat.com'; 특허법인 성암/예희남 차장 <trademark22@sungampat.com>; 특허법인 성암/오연지 대리 <trademark37@sungampat.com>; 특허법인 성암/진주 대리 <trademark39@sungampat.com>; 특허법인 성암/양은혜 과장 <trademark42@sungampat.com>; trademark139@sungampat.com | J98: =VLOOKUP($A98,Sheet1!$A$1:$E$31, 5, FALSE) -> Angola
A99: AO | B99: DORCO NEW PLATINUM | C99: 8 | D99: 41425 | E99: 35989 | F99: 41425 | G99: 35989 | H99: =VLOOKUP($A99,Sheet1!$A$1:$E$31, 3, FALSE) -> Claire Smedley <csmedley@vonseidels.com>; Chandré Arendse <cbarendse@vonseidels.com>; Pearlen Oliver <poliver@vonseidels.com> | I99: 특허법인 성암/전숙현 변리사 <shjeon@sungampat.com>; 'trademark@sungampat.com'; 특허법인 성암/예희남 차장 <trademark22@sungampat.com>; 특허법인 성암/오연지 대리 <trademark37@sungampat.com>; 특허법인 성암/진주 대리 <trademark39@sungampat.com>; 특허법인 성암/양은혜 과장 <trademark42@sungampat.com>; trademark140@sungampat.com | J99: =VLOOKUP($A99,Sheet1!$A$1:$E$31, 5, FALSE) -> Angola
A100: AO | B100: DORCO TITAN Blade | C100: 08 | D100: 44245 | E100: 67431 | F100: 44245 | G100: 67431 | H100: =VLOOKUP($A100,Sheet1!$A$1:$E$31, 3, FALSE) -> Claire Smedley <csmedley@vonseidels.com>; Chandré Arendse <cbarendse@vonseidels.com>; Pearlen Oliver <poliver@vonseidels.com> | I100: 특허법인 성암/전숙현 변리사 <shjeon@sungampat.com>; 'trademark@sungampat.com'; 특허법인 성암/예희남 차장 <trademark22@sungampat.com>; 특허법인 성암/오연지 대리 <trademark37@sungampat.com>; 특허법인 성암/진주 대리 <trademark39@sungampat.com>; 특허법인 성암/양은혜 과장 <trademark42@sungampat.com>; trademark141@sungampat.com | J100: =VLOOKUP($A100,Sheet1!$A$1:$E$31, 5, FALSE) -> Angola
A101: AO | B101: DORCO TITAN Package | C101: 08 | D101: 44245 | E101: 67428 | F101: 44245 | G101: 67428 | H101: =VLOOKUP($A101,Sheet1!$A$1:$E$31, 3, FALSE) -> Claire Smedley <csmedley@vonseidels.com>; Chandré Arendse <cbarendse@vonseidels.com>; Pearlen Oliver <poliver@vonseidels.com> | I101: 특허법인 성암/전숙현 변리사 <shjeon@sungampat.com>; 'trademark@sungampat.com'; 특허법인 성암/예희남 차장 <trademark22@sungampat.com>; 특허법인 성암/오연지 대리 <trademark37@sungampat.com>; 특허법인 성암/진주 대리 <trademark39@sungampat.com>; 특허법인 성암/양은혜 과장 <trademark42@sungampat.com>; trademark142@sungampat.com | J101: =VLOOKUP($A101,Sheet1!$A$1:$E$31, 5, FALSE) -> Angola
A102: AO | B102: TD708 Package 1 | D102: 44245 | E102: 67429 | F102: 44245 | G102: 67429 | H102: =VLOOKUP($A102,Sheet1!$A$1:$E$31, 3, FALSE) -> Claire Smedley <csmedley@vonseidels.com>; Chandré Arendse <cbarendse@vonseidels.com>; Pearlen Oliver <poliver@vonseidels.com> | I102: 특허법인 성암/전숙현 변리사 <shjeon@sungampat.com>; 'trademark@sungampat.com'; 특허법인 성암/예희남 차장 <trademark22@sungampat.com>; 특허법인 성암/오연지 대리 <trademark37@sungampat.com>; 특허법인 성암/진주 대리 <trademark39@sungampat.com>; 특허법인 성암/양은혜 과장 <trademark42@sungampat.com>; trademark143@sungampat.com | J102: =VLOOKUP($A102,Sheet1!$A$1:$E$31, 5, FALSE) -> Angola
A103: AO | B103: DORCO Blade Package | C103: 08 | D103: 44245 | E103: 67430 | F103: 44245 | G103: 67430 | H103: =VLOOKUP($A103,Sheet1!$A$1:$E$31, 3, FALSE) -> Claire Smedley <csmedley@vonseidels.com>; Chandré Arendse <cbarendse@vonseidels.com>; Pearlen Oliver <poliver@vonseidels.com> | I103: 특허법인 성암/전숙현 변리사 <shjeon@sungampat.com>; 'trademark@sungampat.com'; 특허법인 성암/예희남 차장 <trademark22@sungampat.com>; 특허법인 성암/오연지 대리 <trademark37@sungampat.com>; 특허법인 성암/진주 대리 <trademark39@sungampat.com>; 특허법인 성암/양은혜 과장 <trademark42@sungampat.com>; trademark144@sungampat.com | J103: =VLOOKUP($A103,Sheet1!$A$1:$E$31, 5, FALSE) -> Angola
A104: AO | B104: FOAM SCRAPER | C104: 8 | D104: 43496 | E104: 58974 | F104: 43496 | G104: 58974 | H104: =VLOOKUP($A104,Sheet1!$A$1:$E$31, 3, FALSE) -> Claire Smedley <csmedley@vonseidels.com>; Chandré Arendse <cbarendse@vonseidels.com>; Pearlen Oliver <poliver@vonseidels.com> | I104: 특허법인 성암/전숙현 변리사 <shjeon@sungampat.com>; 'trademark@sungampat.com'; 특허법인 성암/예희남 차장 <trademark22@sungampat.com>; 특허법인 성암/오연지 대리 <trademark37@sungampat.com>; 특허법인 성암/진주 대리 <trademark39@sungampat.com>; 특허법인 성암/양은혜 과장 <trademark42@sungampat.com>; trademark145@sungampat.com | J104: =VLOOKUP($A104,Sheet1!$A$1:$E$31, 5, FALSE) -> Angola
A105: AO | B105: New CI | C105: 8 | D105: 41311 | E105: 34667 | F105: 41311 | G105: 34667 | H105: =VLOOKUP($A105,Sheet1!$A$1:$E$31, 3, FALSE) -> Claire Smedley <csmedley@vonseidels.com>; Chandré Arendse <cbarendse@vonseidels.com>; Pearlen Oliver <poliver@vonseidels.com> | I105: 특허법인 성암/전숙현 변리사 <shjeon@sungampat.com>; 'trademark@sungampat.com'; 특허법인 성암/예희남 차장 <trademark22@sungampat.com>; 특허법인 성암/오연지 대리 <trademark37@sungampat.com>; 특허법인 성암/진주 대리 <trademark39@sungampat.com>; 특허법인 성암/양은혜 과장 <trademark42@sungampat.com>; trademark146@sungampat.com | J105: =VLOOKUP($A105,Sheet1!$A$1:$E$31, 5, FALSE) -> Angola
A106: ET | B106: DORCO TITAN | C106: 8 | D106: 43215 | E106: FTM/9545/2018 | F106: 44056 | G106: FTM/8109/2019 | H106: =VLOOKUP($A106,Sheet1!$A$1:$E$31, 3, FALSE) -> 'Claire Smedley' <csmedley@vonseidels.com>; 'Chandré Arendse' <cbarendse@vonseidels.com>; poliver@vonseidels.com | I106: 특허법인 성암/전숙현 변리사 <shjeon@sungampat.com>; 'trademark@sungampat.com'; 특허법인 성암/예희남 차장 <trademark22@sungampat.com>; 특허법인 성암/오연지 대리 <trademark37@sungampat.com>; 특허법인 성암/진주 대리 <trademark39@sungampat.com>; 특허법인 성암/양은혜 과장 <trademark42@sungampat.com>; trademark147@sungampat.com | J106: =VLOOKUP($A106,Sheet1!$A$1:$E$31, 5, FALSE) -> Ethiopia
A107: ET | B107: DORCO | C107: 8 | D107: 42801 | E107: FTM/8421/2017 | F107: 43531 | G107: FTM72092018 | H107: =VLOOKUP($A107,Sheet1!$A$1:$E$31, 3, FALSE) -> 'Claire Smedley' <csmedley@vonseidels.com>; 'Chandré Arendse' <cbarendse@vonseidels.com>; poliver@vonseidels.com | I107: 특허법인 성암/전숙현 변리사 <shjeon@sungampat.com>; 'trademark@sungampat.com'; 특허법인 성암/예희남 차장 <trademark22@sungampat.com>; 특허법인 성암/오연지 대리 <trademark37@sungampat.com>; 특허법인 성암/진주 대리 <trademark39@sungampat.com>; 특허법인 성암/양은혜 과장 <trademark42@sungampat.com>; trademark148@sungampat.com | J107: =VLOOKUP($A107,Sheet1!$A$1:$E$31, 5, FALSE) -> Ethiopia
A108: ET | B108: PACE | C108: 8 | D108: 43496 | E108: FTM/10347/19 | F108: 43496 | G108: FTM/8157/2020 | H108: =VLOOKUP($A108,Sheet1!$A$1:$E$31, 3, FALSE) -> 'Claire Smedley' <csmedley@vonseidels.com>; 'Chandré Arendse' <cbarendse@vonseidels.com>; poliver@vonseidels.com | I108: 특허법인 성암/전숙현 변리사 <shjeon@sungampat.com>; 'trademark@sungampat.com'; 특허법인 성암/예희남 차장 <trademark22@sungampat.com>; 특허법인 성암/오연지 대리 <trademark37@sungampat.com>; 특허법인 성암/진주 대리 <trademark39@sungampat.com>; 특허법인 성암/양은혜 과장 <trademark42@sungampat.com>; trademark149@sungampat.com | J108: =VLOOKUP($A108,Sheet1!$A$1:$E$31, 5, FALSE) -> Ethiopia
A109: UG | B109: DORCO TITAN | C109: 8 | D109: 43194 | E109: UG/T/2018/061288 | F109: 43194 | G109: 61288 | H109: =VLOOKUP($A109,Sheet1!$A$1:$E$31, 3, FALSE) -> 'Claire Smedley' <csmedley@vonseidels.com>; 'Chandré Arendse' <cbarendse@vonseidels.com>; poliver@vonseidels.com | I109: 특허법인 성암/전숙현 변리사 <shjeon@sungampat.com>; 'trademark@sungampat.com'; 특허법인 성암/예희남 차장 <trademark22@sungampat.com>; 특허법인 성암/오연지 대리 <trademark37@sungampat.com>; 특허법인 성암/진주 대리 <trademark39@sungampat.com>; 특허법인 성암/양은혜 과장 <trademark42@sungampat.com>; trademark150@sungampat.com | J109: =VLOOKUP($A109,Sheet1!$A$1:$E$31, 5, FALSE) -> Uganda
A110: UG | B110: DORCO | C110: 8 | D110: 42765 | E110: UG/T/2017/57814 | F110: 43138 | G110: 57814 | H110: =VLOOKUP($A110,Sheet1!$A$1:$E$31, 3, FALSE) -> 'Claire Smedley' <csmedley@vonseidels.com>; 'Chandré Arendse' <cbarendse@vonseidels.com>; poliver@vonseidels.com | I110: 특허법인 성암/전숙현 변리사 <shjeon@sungampat.com>; 'trademark@sungampat.com'; 특허법인 성암/예희남 차장 <trademark22@sungampat.com>; 특허법인 성암/오연지 대리 <trademark37@sungampat.com>; 특허법인 성암/진주 대리 <trademark39@sungampat.com>; 특허법인 성암/양은혜 과장 <trademark42@sungampat.com>; trademark151@sungampat.com | J110: =VLOOKUP($A110,Sheet1!$A$1:$E$31, 5, FALSE) -> Uganda
A111: UG | B111: PACE | C111: 8 | D111: 43444 | E111: UG/T/2018/063619 | F111: 43871 | G111: UG/T/2018/063619 | H111: =VLOOKUP($A111,Sheet1!$A$1:$E$31, 3, FALSE) -> 'Claire Smedley' <csmedley@vonseidels.com>; 'Chandré Arendse' <cbarendse@vonseidels.com>; poliver@vonseidels.com | I111: 특허법인 성암/전숙현 변리사 <shjeon@sungampat.com>; 'trademark@sungampat.com'; 특허법인 성암/예희남 차장 <trademark22@sungampat.com>; 특허법인 성암/오연지 대리 <trademark37@sungampat.com>; 특허법인 성암/진주 대리 <trademark39@sungampat.com>; 특허법인 성암/양은혜 과장 <trademark42@sungampat.com>; trademark152@sungampat.com | J111: =VLOOKUP($A111,Sheet1!$A$1:$E$31, 5, FALSE) -> Uganda
A112: ZM | B112: DORCO TITAN | C112: 8 | D112: 43194 | E112: 466/2018 | F112: 43194 | G112: 466/2018 | H112: =VLOOKUP($A112,Sheet1!$A$1:$E$31, 3, FALSE) -> info@ensafrica.com; rforster@ensafrica.com | I112: 특허법인 성암/전숙현 변리사 <shjeon@sungampat.com>; 'trademark@sungampat.com'; 특허법인 성암/예희남 차장 <trademark22@sungampat.com>; 특허법인 성암/오연지 대리 <trademark37@sungampat.com>; 특허법인 성암/진주 대리 <trademark39@sungampat.com>; 특허법인 성암/양은혜 과장 <trademark42@sungampat.com>; trademark153@sungampat.com | J112: =VLOOKUP($A112,Sheet1!$A$1:$E$31, 5, FALSE) -> Zambia
A113: ZM | B113: DORCO | C113: 8 | D113: 42647 | E113: ZM/T/2016/001332 | F113: 42878 | G113: 1332/2016 | H113: =VLOOKUP($A113,Sheet1!$A$1:$E$31, 3, FALSE) -> info@ensafrica.com; rforster@ensafrica.com | I113: 특허법인 성암/전숙현 변리사 <shjeon@sungampat.com>; 'trademark@sungampat.com'; 특허법인 성암/예희남 차장 <trademark22@sungampat.com>; 특허법인 성암/오연지 대리 <trademark37@sungampat.com>; 특허법인 성암/진주 대리 <trademark39@sungampat.com>; 특허법인 성암/양은혜 과장 <trademark42@sungampat.com>; trademark154@sungampat.com | J113: =VLOOKUP($A113,Sheet1!$A$1:$E$31, 5, FALSE) -> Zambia
A114: ZM | B114: PACE | C114: 08 | D114: 44924 | E114: 3/2023 | F114: 45446 | G114: 3/2023 | H114: =VLOOKUP($A114,Sheet1!$A$1:$E$31, 3, FALSE) -> info@ensafrica.com; rforster@ensafrica.com | I114: 특허법인 성암/전숙현 변리사 <shjeon@sungampat.com>; 'trademark@sungampat.com'; 특허법인 성암/예희남 차장 <trademark22@sungampat.com>; 특허법인 성암/오연지 대리 <trademark37@sungampat.com>; 특허법인 성암/진주 대리 <trademark39@sungampat.com>; 특허법인 성암/양은혜 과장 <trademark42@sungampat.com>; trademark155@sungampat.com | J114: =VLOOKUP($A114,Sheet1!$A$1:$E$31, 5, FALSE) -> Zambia
... A117: DJ | B117: PACE | C117: 8 | D117: 43443 | E117: 327/2018 | F117: 43461 | G117: 327/2018 | H117: =VLOOKUP($A117,Sheet1!$A$1:$E$31, 3, FALSE) -> 'Claire Smedley' <csmedley@vonseidels.com>; 'Chandré Arendse' <cbarendse@vonseidels.com>; poliver@vonseidels.com | I117: 특허법인 성암/전숙현 변리사 <shjeon@sungampat.com>; 'trademark@sungampat.com'; 특허법인 성암/예희남 차장 <trademark22@sungampat.com>; 특허법인 성암/오연지 대리 <trademark37@sungampat.com>; 특허법인 성암/진주 대리 <trademark39@sungampat.com>; 특허법인 성암/양은혜 과장 <trademark42@sungampat.com>; trademark158@sungampat.com | J117: =VLOOKUP($A117,Sheet1!$A$1:$E$31, 5, FALSE) -> Djibouti
A118: ZW | B118: DORCO EVE | C118: 08 | D118: 44942 | E118: ZW/T/2023/37 | H118: =VLOOKUP($A118,Sheet1!$A$1:$E$31, 3, FALSE) -> info@ensafrica.com; rforster@ensafrica.com | I118: 특허법인 성암/전숙현 변리사 <shjeon@sungampat.com>; 'trademark@sungampat.com'; 특허법인 성암/예희남 차장 <trademark22@sungampat.com>; 특허법인 성암/오연지 대리 <trademark37@sungampat.com>; 특허법인 성암/진주 대리 <trademark39@sungampat.com>; 특허법인 성암/양은혜 과장 <trademark42@sungampat.com>; trademark159@sungampat.com | J118: =VLOOKUP($A118,Sheet1!$A$1:$E$31, 5, FALSE) -> Zimbabwe
...

Sheet Sheet1
A1: 코드 | B1: 현지대리인 | C1: To | D1: CC
A2: AO | B2: VON | C2: {=_xlfn.XLOOKUP(1, ([1]Sheet1!$A$2:$A$497 = [1]Sheet2!A2) * ([1]Sheet1!$B$2:$B$497 = [1]Sheet2!B2), [1]Sheet1!$D$2:$D$497, "")} -> Claire Smedley <csmedley@vonseidels.com>; Chandré Arendse <cbarendse@vonseidels.com>; Pearlen Oliver <poliver@vonseidels.com> | E2: Angola
A3: BW | B3: ENSAfrica | C3: {=_xlfn.XLOOKUP(1, ([1]Sheet1!$A$2:$A$497 = [1]Sheet2!A3) * ([1]Sheet1!$B$2:$B$497 = [1]Sheet2!B3), [1]Sheet1!$D$2:$D$497, "")} -> info@ensafrica.com; rforster@ensafrica.com | E3: Botswana
A4: CD | B4: VON | C4: {=_xlfn.XLOOKUP(1, ([1]Sheet1!$A$2:$A$497 = [1]Sheet2!A4) * ([1]Sheet1!$B$2:$B$497 = [1]Sheet2!B4), [1]Sheet1!$D$2:$D$497, "")} -> 'Claire Smedley' <csmedley@vonseidels.com>; 'Chandré Arendse' <cbarendse@vonseidels.com>; poliver@vonseidels.com | E4: Democratic Republic of the Congo
A5: CO | B5: CASTELLANOS & Co. | C5: {=_xlfn.XLOOKUP(1, ([1]Sheet1!$A$2:$A$497 = [1]Sheet2!A5) * ([1]Sheet1!$B$2:$B$497 = [1]Sheet2!B5), [1]Sheet1!$D$2:$D$497, "")} -> CASTELLANOS & Co. <castellanos@castellanosyco.co> | E5: Colombia
A6: DJ | B6: VON | C6: {=_xlfn.XLOOKUP(1, ([1]Sheet1!$A$2:$A$497 = [1]Sheet2!A6) * ([1]Sheet1!$B$2:$B$497 = [1]Sheet2!B6), [1]Sheet1!$D$2:$D$497, "")} -> 'Claire Smedley' <csmedley@vonseidels.com>; 'Chandré Arendse' <cbarendse@vonseidels.com>; poliver@vonseidels.com | E6: {=_xlfn.XLOOKUP(1, ([1]Sheet1!$A$2:$A$497 = [1]Sheet2!A6) * ([1]Sheet1!$B$2:$B$497 = [1]Sheet2!B6), [1]Sheet1!$C$2:$C$497, "")} -> Djibouti
A7: DO | B7: Castillo y Castillo | C7: {=_xlfn.XLOOKUP(1, ([1]Sheet1!$A$2:$A$497 = [1]Sheet2!A7) * ([1]Sheet1!$B$2:$B$497 = [1]Sheet2!B7), [1]Sheet1!$D$2:$D$497, "")} -> trademarks@castillo.com.do | E7: {=_xlfn.XLOOKUP(1, ([1]Sheet1!$A$2:$A$497 = [1]Sheet2!A7) * ([1]Sheet1!$B$2:$B$497 = [1]Sheet2!B7), [1]Sheet1!$C$2:$C$497, "")} -> Dominican Republic
A8: ET | B8: VON | C8: {=_xlfn.XLOOKUP(1, ([1]Sheet1!$A$2:$A$497 = [1]Sheet2!A8) * ([1]Sheet1!$B$2:$B$497 = [1]Sheet2!B8), [1]Sheet1!$D$2:$D$497, "")} -> 'Claire Smedley' <csmedley@vonseidels.com>; 'Chandré Arendse' <cbarendse@vonseidels.com>; poliver@vonseidels.com | E8: {=_xlfn.XLOOKUP(1, ([1]Sheet1!$A$2:$A$497 = [1]Sheet2!A8) * ([1]Sheet1!$B$2:$B$497 = [1]Sheet2!B8), [1]Sheet1!$C$2:$C$497, "")} -> Ethiopia
A9: GH | B9: VON | C9: {=_xlfn.XLOOKUP(1, ([1]Sheet1!$A$2:$A$497 = [1]Sheet2!A9) * ([1]Sheet1!$B$2:$B$497 = [1]Sheet2!B9), [1]Sheet1!$D$2:$D$497, "")} -> 'Claire Smedley' <csmedley@vonseidels.com>; 'Chandré Arendse' <cbarendse@vonseidels.com>; poliver@vonseidels.com | E9: {=_xlfn.XLOOKUP(1, ([1]Sheet1!$A$2:$A$497 = [1]Sheet2!A9) * ([1]Sheet1!$B$2:$B$497 = [1]Sheet2!B9), [1]Sheet1!$C$2:$C$497, "")} -> Ghana
A10: GM | B10: VON | C10: {=_xlfn.XLOOKUP(1, ([1]Sheet1!$A$2:$A$497 = [1]Sheet2!A10) * ([1]Sheet1!$B$2:$B$497 = [1]Sheet2!B10), [1]Sheet1!$D$2:$D$497, "")} -> 'Claire Smedley' <csmedley@vonseidels.com>; 'Chandré Arendse' <cbarendse@vonseidels.com>; poliver@vonseidels.com | E10: {=_xlfn.XLOOKUP(1, ([1]Sheet1!$A$2:$A$497 = [1]Sheet2!A10) * ([1]Sheet1!$B$2:$B$497 = [1]Sheet2!B10), [1]Sheet1!$C$2:$C$497, "")} -> Gambia
A11: KE | B11: VON | C11: {=_xlfn.XLOOKUP(1, ([1]Sheet1!$A$2:$A$497 = [1]Sheet2!A11) * ([1]Sheet1!$B$2:$B$497 = [1]Sheet2!B11), [1]Sheet1!$D$2:$D$497, "")} -> 'Claire Smedley' <csmedley@vonseidels.com>; 'Chandré Arendse' <cbarendse@vonseidels.com>; poliver@vonseidels.com | E11: {=_xlfn.XLOOKUP(1, ([1]Sheet1!$A$2:$A$497 = [1]Sheet2!A11) * ([1]Sheet1!$B$2:$B$497 = [1]Sheet2!B11), [1]Sheet1!$C$2:$C$497, "")} -> Kenya
A12: LR | B12: VON | C12: {=_xlfn.XLOOKUP(1, ([1]Sheet1!$A$2:$A$497 = [1]Sheet2!A12) * ([1]Sheet1!$B$2:$B$497 = [1]Sheet2!B12), [1]Sheet1!$D$2:$D$497, "")} -> 'Claire Smedley' <csmedley@vonseidels.com>; 'Chandré Arendse' <cbarendse@vonseidels.com>; poliver@vonseidels.com | E12: {=_xlfn.XLOOKUP(1, ([1]Sheet1!$A$2:$A$497 = [1]Sheet2!A12) * ([1]Sheet1!$B$2:$B$497 = [1]Sheet2!B12), [1]Sheet1!$C$2:$C$497, "")} -> Liberia
A13: MG | B13: ENSAfrica | C13: {=_xlfn.XLOOKUP(1, ([1]Sheet1!$A$2:$A$497 = [1]Sheet2!A13) * ([1]Sheet1!$B$2:$B$497 = [1]Sheet2!B13), [1]Sheet1!$D$2:$D$497, "")} -> info@ensafrica.com; rforster@ensafrica.com | E13: {=_xlfn.XLOOKUP(1, ([1]Sheet1!$A$2:$A$497 = [1]Sheet2!A13) * ([1]Sheet1!$B$2:$B$497 = [1]Sheet2!B13), [1]Sheet1!$C$2:$C$497, "")} -> Madagascar
A14: MI | B14: Tilleke (미얀마) | C14: {=_xlfn.XLOOKUP(1, ([1]Sheet1!$A$2:$A$497 = [1]Sheet2!A14) * ([1]Sheet1!$B$2:$B$497 = [1]Sheet2!B14), [1]Sheet1!$D$2:$D$497, "")} -> Khin Myo Myo Aye <khinmyomyoaye@tilleke.com>; mm.docketing@tilleke.com | E14: {=_xlfn.XLOOKUP(1, ([1]Sheet1!$A$2:$A$497 = [1]Sheet2!A14) * ([1]Sheet1!$B$2:$B$497 = [1]Sheet2!B14), [1]Sheet1!$C$2:$C$497, "")} -> Myanmar (Burma)
A15: MU | B15: ENSAfrica | C15: {=_xlfn.XLOOKUP(1, ([1]Sheet1!$A$2:$A$497 = [1]Sheet2!A15) * ([1]Sheet1!$B$2:$B$497 = [1]Sheet2!B15), [1]Sheet1!$D$2:$D$497, "")} -> info@ensafrica.com; rforster@ensafrica.com | E15: {=_xlfn.XLOOKUP(1, ([1]Sheet1!$A$2:$A$497 = [1]Sheet2!A15) * ([1]Sheet1!$B$2:$B$497 = [1]Sheet2!B15), [1]Sheet1!$C$2:$C$497, "")} -> Mauritius
A16: MW | B16: ENSAfrica | C16: {=_xlfn.XLOOKUP(1, ([1]Sheet1!$A$2:$A$497 = [1]Sheet2!A16) * ([1]Sheet1!$B$2:$B$497 = [1]Sheet2!B16), [1]Sheet1!$D$2:$D$497, "")} -> info@ensafrica.com; rforster@ensafrica.com | E16: {=_xlfn.XLOOKUP(1, ([1]Sheet1!$A$2:$A$497 = [1]Sheet2!A16) * ([1]Sheet1!$B$2:$B$497 = [1]Sheet2!B16), [1]Sheet1!$C$2:$C$497, "")} -> Malawi
A17: MZ | B17: ENSAfrica | C17: {=_xlfn.XLOOKUP(1, ([1]Sheet1!$A$2:$A$497 = [1]Sheet2!A17) * ([1]Sheet1!$B$2:$B$497 = [1]Sheet2!B17), [1]Sheet1!$D$2:$D$497, "")} -> info@ensafrica.com; rforster@ensafrica.com | E17: {=_xlfn.XLOOKUP(1, ([1]Sheet1!$A$2:$A$497 = [1]Sheet2!A17) * ([1]Sheet1!$B$2:$B$497 = [1]Sheet2!B17), [1]Sheet1!$C$2:$C$497, "")} -> Mozambique
... A31: ZZ | B31: VON | C31: {=_xlfn.XLOOKUP(1, ([1]Sheet1!$A$2:$A$497 = [1]Sheet2!A31) * ([1]Sheet1!$B$2:$B$497 = [1]Sheet2!B31), [1]Sheet1!$D$2:$D$497, "")} -> 'Claire Smedley' <csmedley@vonseidels.com>; 'Chandré Arendse' <cbarendse@vonseidels.com>; poliver@vonseidels.com | E31: {=_xlfn.XLOOKUP(1, ([1]Sheet1!$A$2:$A$497 = [1]Sheet2!A31) * ([1]Sheet1!$B$2:$B$497 = [1]Sheet2!B31), [1]Sheet1!$C$2:$C$497, "")} -> Tanzania (Zanzibar)
