Workbook

Sheet Sheet1
A1: US | B1: GREENBERG | C1: the United States | D1: trademark53@sungmapat.com | E1: SchlossD@gtlaw.com; kimc@gtlaw.com; EDLINR@gtlaw.com; JongIn.Son@gtlaw.com; SchlossD@gtlaw.com | F1: jeongh.shim@samsung.com; shjeon@sungampat.com; trademark@sungampat.com; trademark16@sungampat.com; trademark28@sungampat.com
A2: FR | B2: CASALONGA | C2: France | D2: trademark53@sungmapat.com | E2: Claire de DEMANDOLX (Casalonga)' <c.demandolx@casalonga.com>; 'Elsa TROMBITAS (Casalonga)' <e.trombitas@casalonga.com>; 'Karina DIMIDJIAN-LECOMTE (Casalonga)' <k.dimidjian@casalonga.com>; 'Laurent CAVALLIER (Casalonga)' <l.cavallier@casalonga.com>; 'Klervi HENRY (Casalonga)' <k.henry@casalonga.com>; 'Monica FERREIRA (Casalonga)' <m.ferreira@casalonga.com> | F2: jeongh.shim@samsung.com; shjeon@sungampat.com; trademark@sungampat.com; trademark16@sungampat.com; trademark28@sungampat.com
A3: CN | B3: LIU | C3: China | D3: trademark53@sungmapat.com | E3: yuanmab@liu-shen.com; yuanyuan@liu-shen.com | F3: jeongh.shim@samsung.com; shjeon@sungampat.com; trademark@sungampat.com; trademark16@sungampat.com; trademark28@sungampat.com
A4: JP | B4: R&C | C4: Japan | D4: trademark53@sungmapat.com | E4: 'Seiji OTA' <seiji.ota@rc-iplaw.com>; trademark@rc-iplaw.com; 'Sonoko ARAKI' <sonoko.araki@rc-iplaw.com> | F4: jeongh.shim@samsung.com; shjeon@sungampat.com; trademark@sungampat.com; trademark16@sungampat.com; trademark28@sungampat.com
A5: IN | B5: DE PENNING | C5: India | D5: trademark53@sungmapat.com | E5: Paramita.Nandy@depenning.com; Ruchi.Singh@depenning.com | F5: jeongh.shim@samsung.com; shjeon@sungampat.com; trademark@sungampat.com; trademark16@sungampat.com; trademark28@sungampat.com
A6: DM | B6: AC INTELLECTUAL PROPERTY SERVICES, S. A.(구: Asesores del Ca | C6: Dominica | D6: trademark53@sungmapat.com | E6: asesoresip@asesoresdelcaribe.com | F6: shjeon@sungampat.com; trademark@sungampat.com; trademark16@sungampat.com; trademark28@sungampat.com
A7: EC | B7: Bermeo & Bermeo Law Firm | C7: Ecuador | D7: trademark53@sungmapat.com | E7: mail@bermeolaw.com | F7: rbr@bermeolaw.com; shjeon@sungampat.com; trademark@sungampat.com; trademark16@sungampat.com; trademark28@sungampat.com
A8: HN | B8: Bufete Mejia & Asociado | C8: Honduras | D8: trademark53@sungmapat.com | E8: ipadmin1@bufetemejia.com | F8: clientsupport@bufetemejia.com; shjeon@sungampat.com; trademark@sungampat.com; trademark16@sungampat.com; trademark28@sungampat.com
A9: HT | B9: CABINET SALES | C9: Haiti | D9: trademark53@sungmapat.com | E9: trademarks@cabinetsales.com; spaul@cabinetsales.com | F9: shjeon@sungampat.com; trademark@sungampat.com; trademark16@sungampat.com; trademark28@sungampat.com
A10: DO | B10: Castillo y Castillo | C10: Dominican Republic | D10: trademark53@sungmapat.com | E10: trademarks@castillo.com.do | F10: shjeon@sungampat.com; trademark@sungampat.com; trademark16@sungampat.com; trademark28@sungampat.com
A11: UY | B11: CIKATO | C11: Uruguay | D11: trademark53@sungmapat.com | E11: matias.cikato@cikato.com.uy | F11: cikato@cikato.com.uy; shjeon@sungampat.com; trademark@sungampat.com; trademark16@sungampat.com; trademark28@sungampat.com
A12: PE | B12: allende | C12: Peru | D12: trademark53@sungmapat.com | E12: jorge@allendegarcia.com.pe | F12: Magali Garcia' <magali@allendegarcia.com.pe>; 'Fabiola Lopez Torres' <fabiola@allendegarcia.com.pe>; shjeon@sungampat.com; trademark@sungampat.com; trademark16@sungampat.com; trademark28@sungampat.com
... A32: MS | B32: MATHYS & SQUIRE LLP (London) | C32: Monserrat | D32: trademark53@sungmapat.com | E32: Rebecca Tew <RLTew@mathys-squire.com> | F32: 특허법인 성암/전숙현 변리사' <shjeon@sungampat.com>; '특허법인 성암/상표대표메일' <trademark@sungampat.com>; trademark16@sungampat.com; 'trademark28' <trademark28@sungampat.com>; Sue Wycherley <SWycherley@mathys-squire.com>; Lucy Dayson <LDayson@mathys-squire.com>; Gillian Shaw <GShaw@mathys-squire.com>

Sheet Sheet2
A2: KY | B2: =VLOOKUP($A2,Sheet1!$A:$F, 3, FALSE) -> Cayman Islands | C2: =VLOOKUP($A2,Sheet1!$A:$F, 4, FALSE) -> trademark53@sungmapat.com | D2: =VLOOKUP($A2,Sheet1!$A:$F, 5, FALSE) -> kcleary@hsmoffice.com | E2: =VLOOKUP($A2,Sheet1!$A:$F, 6, FALSE) -> 특허법인 성암/전숙현 변리사' <shjeon@sungampat.com>; trademark@sungampat.com; '특허법인 성암/김용대 차장' <trademark16@sungampat.com>; '특허법인 성암/박지훈 과장' <trademark28@sungampat.com>; Jenae Whittaker <jwhittaker@hsmoffice.com>; Phyllis Brown <pbrown@hsmoffice.com>; Huw Moses <hmoses@hsmoffice.com>; Lisa Chin-Forde <lchinforde@hsmoffice.com>
A3: PU | B3: =VLOOKUP($A3,Sheet1!$A:$F, 3, FALSE) -> Puerto Rico | C3: =VLOOKUP($A3,Sheet1!$A:$F, 4, FALSE) -> trademark53@sungmapat.com | D3: =VLOOKUP($A3,Sheet1!$A:$F, 5, FALSE) -> kcleary@hsmoffice.com | E3: =VLOOKUP($A3,Sheet1!$A:$F, 6, FALSE) -> 특허법인 성암/전숙현 변리사' <shjeon@sungampat.com>; trademark@sungampat.com; '특허법인 성암/김용대 차장' <trademark16@sungampat.com>; '특허법인 성암/박지훈 과장' <trademark28@sungampat.com>; Jenae Whittaker <jwhittaker@hsmoffice.com>; Phyllis Brown <pbrown@hsmoffice.com>; Huw Moses <hmoses@hsmoffice.com>; Lisa Chin-Forde <lchinforde@hsmoffice.com>
A4: BM | B4: =VLOOKUP($A4,Sheet1!$A:$F, 3, FALSE) -> Bermuda | C4: =VLOOKUP($A4,Sheet1!$A:$F, 4, FALSE) -> trademark53@sungmapat.com | D4: =VLOOKUP($A4,Sheet1!$A:$F, 5, FALSE) -> ukhan@hilbornehawkin.com; Info@hilbornehawkin.com | E4: =VLOOKUP($A4,Sheet1!$A:$F, 6, FALSE) -> shjeon@sungampat.com; trademark@sungampat.com; trademark16@sungampat.com; trademark28@sungampat.com
A5: JE | B5: =VLOOKUP($A5,Sheet1!$A:$F, 3, FALSE) -> Jersey | C5: =VLOOKUP($A5,Sheet1!$A:$F, 4, FALSE) -> trademark53@sungmapat.com | D5: =VLOOKUP($A5,Sheet1!$A:$F, 5, FALSE) -> Rebecca Tew <RLTew@mathys-squire.com>; Sue Wycherley <SWycherley@mathys-squire.com>; Lucy Dayson <LDayson@mathys-squire.com> | E5: =VLOOKUP($A5,Sheet1!$A:$F, 6, FALSE) -> shjeon@sungampat.com; trademark@sungampat.com; trademark16@sungampat.com; trademark28@sungampat.com
A6: GY | B6: =VLOOKUP($A6,Sheet1!$A:$F, 3, FALSE) -> Guyana | C6: =VLOOKUP($A6,Sheet1!$A:$F, 4, FALSE) -> trademark53@sungmapat.com | D6: =VLOOKUP($A6,Sheet1!$A:$F, 5, FALSE) -> Rebecca Tew <RLTew@mathys-squire.com> | E6: =VLOOKUP($A6,Sheet1!$A:$F, 6, FALSE) -> 특허법인 성암/전숙현 변리사' <shjeon@sungampat.com>; '특허법인 성암/상표대표메일' <trademark@sungampat.com>; trademark16@sungampat.com; 'trademark28' <trademark28@sungampat.com>; Sue Wycherley <SWycherley@mathys-squire.com>; Lucy Dayson <LDayson@mathys-squire.com>; Gillian Shaw <GShaw@mathys-squire.com>
A7: MS | B7: =VLOOKUP($A7,Sheet1!$A:$F, 3, FALSE) -> Monserrat | C7: =VLOOKUP($A7,Sheet1!$A:$F, 4, FALSE) -> trademark53@sungmapat.com | D7: =VLOOKUP($A7,Sheet1!$A:$F, 5, FALSE) -> Rebecca Tew <RLTew@mathys-squire.com> | E7: =VLOOKUP($A7,Sheet1!$A:$F, 6, FALSE) -> 특허법인 성암/전숙현 변리사' <shjeon@sungampat.com>; '특허법인 성암/상표대표메일' <trademark@sungampat.com>; trademark16@sungampat.com; 'trademark28' <trademark28@sungampat.com>; Sue Wycherley <SWycherley@mathys-squire.com>; Lucy Dayson <LDayson@mathys-squire.com>; Gillian Shaw <GShaw@mathys-squire.com>
